User_ID,predicted_probability,Converted
103001,0.14406399088931832,0
103002,0.3057622583801581,0
103003,0.4689449646553834,1
103004,0.6150947351433329,1
103005,0.3007326169725197,0
103006,0.39738426925990694,0
103007,0.6109325008739921,1
103008,0.2736096941844614,0
103009,0.3338701913165672,0
103010,0.1843295279667501,0
103011,0.30614464132357355,0
103012,0.525275458582164,1
103013,0.7019110569075947,1
103014,0.5981392206309678,1
103015,0.3957799237775417,0
103016,0.13973059033800522,0
103017,0.513178753980772,1
103018,0.6625525858515618,1
103019,0.20158118916746373,0
103020,0.49977794587536845,1
103021,0.22989024411437148,0
103022,0.3687272944024549,0
103023,0.7700368519073163,1
103024,0.4689407477701815,1
103025,0.21890590692959497,0
103026,0.6500789709713354,1
103027,0.499574255654108,1
103028,0.552135711179299,1
103029,0.1346871427727622,0
103030,0.48825066253970495,1
103031,0.4308414682900974,0
103032,0.1638831821008956,0
103033,0.4935879516945931,1
103034,0.4459289331045526,1
103035,0.2228290034425986,0
103036,0.6330133724908504,1
103037,0.27913522753577413,0
103038,0.4797281747126212,1
103039,0.2995852222463274,0
103040,0.718925157237463,1
103041,0.6008936191845833,1
103042,0.4626056258794058,1
103043,0.1898892959372885,0
103044,0.12898530951369505,0
103045,0.6932217617278829,1
103046,0.5139810182939304,1
103047,0.31074194807318645,0
103048,0.36482495079687927,0
103049,0.2021508265507371,0
103050,0.07171911899411698,0
103051,0.5693677532929509,1
103052,0.23020212114015287,0
103053,0.2872582125364993,0
103054,0.13238164340834122,0
103055,0.3014323889671738,0
103056,0.47298774547722533,1
103057,0.635069897029936,1
103058,0.659632614934547,1
103059,0.6582493495093609,1
103060,0.5765074625864754,1
103061,0.6898947895550873,1
103062,0.5160295271801394,1
103063,0.18870604827787324,0
103064,0.26798812254409365,0
103065,0.7891008439072165,1
103066,0.2263911554308696,0
103067,0.21141621755307302,0
103068,0.15044353194412016,0
103069,0.6550524783019983,1
103070,0.5132096963729839,1
103071,0.44425427582171545,1
103072,0.6896872699651583,1
103073,0.7366497556166407,1
103074,0.466393030914905,1
103075,0.6202027520689182,1
103076,0.18987452137551278,0
103077,0.5461063388832276,1
103078,0.5000598855882092,1
103079,0.3579465964094823,0
103080,0.3468235385301663,0
103081,0.25084459492402217,0
103082,0.1208158390958035,0
103083,0.545577728784262,1
103084,0.6566109963834519,1
103085,0.19920076554523963,0
103086,0.26794046475747546,0
103087,0.31371110735180285,0
103088,0.2615417955339546,0
103089,0.1384138771436927,0
103090,0.48193017126576493,1
103091,0.2452175591909414,0
103092,0.2078683433125953,0
103093,0.15029224512076106,0
103094,0.11840181734075833,0
103095,0.13360808820183984,0
103096,0.23186368060435622,0
103097,0.6371545630313323,1
103098,0.6007666548946893,1
103099,0.717998097142982,1
103100,0.6235664771765759,1
103101,0.31609205228601056,0
103102,0.6498906379001417,1
103103,0.2387286765467408,0
103104,0.3310452651758963,0
103105,0.19288276466604068,0
103106,0.6987445783224278,1
103107,0.569258494047128,1
103108,0.1476139083038777,0
103109,0.4238546896949571,0
103110,0.2856334921752113,0
103111,0.11033311449146777,0
103112,0.13946441837100246,0
103113,0.616440481142318,1
103114,0.8008111514639191,1
103115,0.11568204013809066,0
103116,0.6306915099309682,1
103117,0.3578193869523926,0
103118,0.24538892176920396,0
103119,0.13313771268037666,0
103120,0.1813421390616663,0
103121,0.5967869430301805,1
103122,0.1527575355711885,0
103123,0.26437585009836717,0
103124,0.7038209758792785,1
103125,0.17318520411310767,0
103126,0.6585142549373743,1
103127,0.7842643109054893,1
103128,0.1816870446218926,0
103129,0.7079689768661669,1
103130,0.34923594844229,0
103131,0.48548373825195634,1
103132,0.16866299965830958,0
103133,0.19768027104058775,0
103134,0.42854932531155987,0
103135,0.45888308628277447,1
103136,0.29759014195352623,0
103137,0.20155676272533868,0
103138,0.21064481722213269,0
103139,0.8382096578665987,1
103140,0.70776273196749,1
103141,0.4292669256051403,0
103142,0.6420488951713108,1
103143,0.23922877643753032,0
103144,0.5173453267667387,1
103145,0.23430021221999664,0
103146,0.6255310471317516,1
103147,0.6656909158870217,1
103148,0.5018097464247003,1
103149,0.806531797813848,1
103150,0.37501474183308664,0
103151,0.32588198624156306,0
103152,0.18901664733750626,0
103153,0.748333953303441,1
103154,0.49673960448177334,1
103155,0.21760260455546748,0
103156,0.7213965463137672,1
103157,0.3138702736855544,0
103158,0.7162417155754244,1
103159,0.27224550300388906,0
103160,0.10523544171269235,0
103161,0.19504269656122686,0
103162,0.5378126564791672,1
103163,0.44762394311090403,1
103164,0.5005707294126782,1
103165,0.11415593224149213,0
103166,0.41122851054144316,0
103167,0.36104616163254777,0
103168,0.48002951643271774,1
103169,0.16272132450410878,0
103170,0.48795167171976467,1
103171,0.41282502952648836,0
103172,0.3705023547678995,0
103173,0.5026784596456634,1
103174,0.2531390054452013,0
103175,0.7104134468516816,1
103176,0.2879316109613529,0
103177,0.44341137271378017,1
103178,0.3851240819418984,0
103179,0.29566212747477805,0
103180,0.141792415580452,0
103181,0.5444080531291133,1
103182,0.25643209777630105,0
103183,0.7051499824742028,1
103184,0.6905279547166371,1
103185,0.19636657407030833,0
103186,0.3322665082827069,0
103187,0.6992710021928592,1
103188,0.41953997634700474,0
103189,0.09118707417351243,0
103190,0.15757797910517032,0
103191,0.3736060284781955,0
103192,0.4916258599460899,1
103193,0.33369143553466596,0
103194,0.23743827163494252,0
103195,0.24280282244602225,0
103196,0.2582880824290478,0
103197,0.16925324711311737,0
103198,0.23473835063390613,0
103199,0.2221322261330286,0
103200,0.5928286974622786,1
103201,0.6009524207120975,1
103202,0.48951002170475194,1
103203,0.228367719535458,0
103204,0.27523538671887426,0
103205,0.22781205244202798,0
103206,0.26755692662388203,0
103207,0.18190455400284486,0
103208,0.6116754672598264,1
103209,0.6196217127330342,1
103210,0.8211062843116657,1
103211,0.12704368718454245,0
103212,0.2523715668803077,0
103213,0.34550924381317505,0
103214,0.3076860966515881,0
103215,0.5920248152187424,1
103216,0.372844619496901,0
103217,0.4481665296083872,1
103218,0.523503311944828,1
103219,0.3682825127340023,0
103220,0.5518475890126402,1
103221,0.23987602478351375,0
103222,0.6631654704671227,1
103223,0.4749448552521,1
103224,0.30953033701189336,0
103225,0.4603877962320585,1
103226,0.08769258116489753,0
103227,0.23134071117997765,0
103228,0.11234892737405425,0
103229,0.6688048658230471,1
103230,0.787799800930809,1
103231,0.34678379760877537,0
103232,0.6378629342619975,1
103233,0.5558488307552424,1
103234,0.23787956166902147,0
103235,0.6178857829178128,1
103236,0.5932924683254304,1
103237,0.794381912631653,1
103238,0.34349411013510067,0
103239,0.7785148244349872,1
103240,0.7769671742518873,1
103241,0.7009580842558603,1
103242,0.29907287436809016,0
103243,0.11047917841145252,0
103244,0.5805651771409788,1
103245,0.7356479725775646,1
103246,0.3394051207574246,0
103247,0.29580222310016097,0
103248,0.38958210171302654,0
103249,0.2307407791404853,0
103250,0.5694349339158209,1
103251,0.37043718214229054,0
103252,0.5784636612700943,1
103253,0.15742769811547594,0
103254,0.5041641440147486,1
103255,0.26305393020951595,0
103256,0.6074306040194555,1
103257,0.4994602403428592,1
103258,0.4814336415275162,1
103259,0.5699962652654162,1
103260,0.30237333916923975,0
103261,0.36932422936278053,0
103262,0.43192443522055884,0
103263,0.34114340098713286,0
103264,0.38461714426921284,0
103265,0.5553312947618496,1
103266,0.2666256046692756,0
103267,0.0721057562572921,0
103268,0.3369387387904837,0
103269,0.17780347797391377,0
103270,0.43595063480406826,0
103271,0.36156563450176055,0
103272,0.7146660412290039,1
103273,0.5618022005165698,1
103274,0.34963928910263103,0
103275,0.6645612297859776,1
103276,0.3816605515208829,0
103277,0.5222331977038417,1
103278,0.1652299774600679,0
103279,0.06666404328260891,0
103280,0.3431704491099189,0
103281,0.3234835233492309,0
103282,0.7767634970395355,1
103283,0.3657612151422605,0
103284,0.6579501934620193,1
103285,0.6571457542568309,1
103286,0.227176058048293,0
103287,0.36632570128717357,0
103288,0.09844188304718349,0
103289,0.3751523879405743,0
103290,0.24176931641022223,0
103291,0.5035481512200717,1
103292,0.2334792183010299,0
103293,0.25600846782395426,0
103294,0.6885302728434054,1
103295,0.28885059309352246,0
103296,0.4502511372813341,1
103297,0.4205928567204491,0
103298,0.5652874947889822,1
103299,0.617879652353976,1
103300,0.11173401821567777,0
103301,0.1997338600448923,0
103302,0.512254251784324,1
103303,0.34611972008291614,0
103304,0.2243165722154533,0
103305,0.36653329392746875,0
103306,0.292364344599291,0
103307,0.24084488066347484,0
103308,0.3127564894594061,0
103309,0.25113196838274465,0
103310,0.18734325041305286,0
103311,0.5879344503442923,1
103312,0.48462665411325817,1
103313,0.5416168879346311,1
103314,0.3365724293264951,0
103315,0.5114413543173485,1
103316,0.34499633795089907,0
103317,0.21429964037421448,0
103318,0.457367742892486,1
103319,0.7680863077823604,1
103320,0.5423810095987114,1
103321,0.2547723713564344,0
103322,0.561532077287957,1
103323,0.1847243461849778,0
103324,0.559818370939986,1
103325,0.4497018055069608,1
103326,0.344625220595292,0
103327,0.11282676596849417,0
103328,0.5887074715434772,1
103329,0.5771235763035649,1
103330,0.1672717555203643,0
103331,0.32187996604431546,0
103332,0.08586189325795933,0
103333,0.5823666418212218,1
103334,0.5596515220052016,1
103335,0.2006849535889015,0
103336,0.3268932606765911,0
103337,0.1882920150536907,0
103338,0.34084930646356454,0
103339,0.6649061349638044,1
103340,0.7714849300522143,1
103341,0.17607517832795935,0
103342,0.6134893065863014,1
103343,0.11926160046959473,0
103344,0.4087669964551811,0
103345,0.3429646569469872,0
103346,0.5722917254089052,1
103347,0.6978164304777956,1
103348,0.5115002876269152,1
103349,0.29692178691508286,0
103350,0.26625344388163164,0
103351,0.17259047350306694,0
103352,0.3904211434670714,0
103353,0.16695737443053407,0
103354,0.21341356738150033,0
103355,0.7905501147911227,1
103356,0.7824093814764153,1
103357,0.7393688008530248,1
103358,0.6554473633502694,1
103359,0.2987804253654618,0
103360,0.5010533183028638,1
103361,0.5455265689969471,1
103362,0.6568698468649236,1
103363,0.6007895981958676,1
103364,0.2782277514571999,0
103365,0.35886144598752023,0
103366,0.5440302266170902,1
103367,0.38481709930422386,0
103368,0.28685777343553603,0
103369,0.12809111400373738,0
103370,0.7917223042993511,1
103371,0.6469226298374458,1
103372,0.46183642094947586,1
103373,0.8143865962735677,1
103374,0.2521360920654092,0
103375,0.21435772487061927,0
103376,0.4304110916289532,0
103377,0.4461244046317196,1
103378,0.5773544988424114,1
103379,0.5762231785126288,1
103380,0.34279688538223246,0
103381,0.16174113343527227,0
103382,0.1545294951070336,0
103383,0.21865096875662032,0
103384,0.16496125166873596,0
103385,0.19165212457318828,0
103386,0.6230204505673417,1
103387,0.7053514937485452,1
103388,0.4190094640520298,0
103389,0.5798195737535562,1
103390,0.18635348439251453,0
103391,0.7379371798629789,1
103392,0.388091977807126,0
103393,0.5041117538109124,1
103394,0.15258607356229717,0
103395,0.5601545327939595,1
103396,0.3278078914929141,0
103397,0.587776530557376,1
103398,0.321850993062027,0
103399,0.2130867325577771,0
103400,0.10477376304159088,0
103401,0.22805219036139157,0
103402,0.7241721248058086,1
103403,0.16317656320540905,0
103404,0.6190087405383324,1
103405,0.1325692558003997,0
103406,0.2552423552783789,0
103407,0.1487277752682528,0
103408,0.2769344774607967,0
103409,0.24777684534025657,0
103410,0.3291375310100483,0
103411,0.5304250405958542,1
103412,0.24145724432910481,0
103413,0.20736998770235526,0
103414,0.5449598708942895,1
103415,0.28737147353955356,0
103416,0.19813683845173297,0
103417,0.1408673912322847,0
103418,0.13259570912410434,0
103419,0.36108943603494986,0
103420,0.05312718576198716,0
103421,0.21058634543337132,0
103422,0.46868147358858614,1
103423,0.588392880124411,1
103424,0.7444736232681726,1
103425,0.24664725584039704,0
103426,0.37586927573419393,0
103427,0.38768738157557814,0
103428,0.13944305989381506,0
103429,0.4834666139912958,1
103430,0.09174994820298317,0
103431,0.6397288106515148,1
103432,0.16208479401745082,0
103433,0.24490260465831395,0
103434,0.7036381532222902,1
103435,0.794885000930651,1
103436,0.6296572226619336,1
103437,0.46493219266624763,1
103438,0.47612637455958506,1
103439,0.13677873794433149,0
103440,0.12680831260518932,0
103441,0.23574867756224605,0
103442,0.26798838015974036,0
103443,0.3819059814881944,0
103444,0.20249445343780864,0
103445,0.5601339538270238,1
103446,0.2032911470053157,0
103447,0.5993718126790661,1
103448,0.7698852448416691,1
103449,0.2623497825137731,0
103450,0.27421715804702806,0
103451,0.21335190383856473,0
103452,0.3957415231621684,0
103453,0.7469108999306291,1
103454,0.5060833511246572,1
103455,0.60582797630521,1
103456,0.7040473180442226,1
103457,0.20502470709199944,0
103458,0.1773362531799853,0
103459,0.18224022604361964,0
103460,0.240032974584121,0
103461,0.2745659576141797,0
103462,0.2319855242281738,0
103463,0.5988378534564,1
103464,0.7315935997007279,1
103465,0.14794518432995843,0
103466,0.6157757828926904,1
103467,0.6010467483509079,1
103468,0.3153590203706743,0
103469,0.25994236903671847,0
103470,0.7644533149954217,1
103471,0.5878777541182549,1
103472,0.6827213708428195,1
103473,0.2223692007052887,0
103474,0.12845831740667718,0
103475,0.5731174961231363,1
103476,0.40691975343930825,0
103477,0.19579003372768822,0
103478,0.2044492672349267,0
103479,0.2174503255054857,0
103480,0.47946995841706447,1
103481,0.6242670678551484,1
103482,0.5491389636162077,1
103483,0.681147620043217,1
103484,0.2849347927854028,0
103485,0.49054976945397355,1
103486,0.2788956252465047,0
103487,0.17648253063787162,0
103488,0.4581318986735855,1
103489,0.17944907555646664,0
103490,0.568944210847453,1
103491,0.43480076572920795,0
103492,0.16463787797097465,0
103493,0.408807931348931,0
103494,0.23758271178109205,0
103495,0.1594278920823454,0
103496,0.4807841896890014,1
103497,0.20688601991321573,0
103498,0.3146317779596878,0
103499,0.44030082957952454,1
103500,0.44726380682263944,1
103501,0.3245455427648587,0
103502,0.7358879919695558,1
103503,0.19389942740822316,0
103504,0.7453828444478818,1
103505,0.4621502952266695,1
103506,0.3037879777909422,0
103507,0.4142293935164013,0
103508,0.8064189216465645,1
103509,0.6976830064024229,1
103510,0.6914707909810723,1
103511,0.38427626237781676,0
103512,0.6829262206550645,1
103513,0.5940947099944769,1
103514,0.15266374430438168,0
103515,0.09995121642798503,0
103516,0.642862776141312,1
103517,0.7228167388512157,1
103518,0.35753595193121557,0
103519,0.48460083891627453,1
103520,0.5687801405602093,1
103521,0.7629563628897724,1
103522,0.5464883309642337,1
103523,0.20563877580384216,0
103524,0.08243147102902379,0
103525,0.7687086789310715,1
103526,0.2263815365048273,0
103527,0.20030406832698236,0
103528,0.29242046842339897,0
103529,0.7326152049730285,1
103530,0.7385431231245791,1
103531,0.3509097049782891,0
103532,0.6165630342631006,1
103533,0.5903482216412137,1
103534,0.5712253402813049,1
103535,0.4850942130786432,1
103536,0.5433962133610674,1
103537,0.1890339014837642,0
103538,0.6626805696973566,1
103539,0.45369621731227283,1
103540,0.6206399780949419,1
103541,0.773950971004006,1
103542,0.5271995349383695,1
103543,0.4456755200305214,1
103544,0.1575350725844426,0
103545,0.6054812439228898,1
103546,0.5627159270089959,1
103547,0.12900958610066948,0
103548,0.30871676580291496,0
103549,0.2576996587944875,0
103550,0.49801405485783407,1
103551,0.6069585195236004,1
103552,0.1079591874584617,0
103553,0.4749980595350821,1
103554,0.334357609998318,0
103555,0.5063304963528197,1
103556,0.3500100069986451,0
103557,0.4705723121456372,1
103558,0.14777371833737402,0
103559,0.24622434695822626,0
103560,0.5618066434782181,1
103561,0.10826981881026472,0
103562,0.30187801565425976,0
103563,0.5610602483965145,1
103564,0.4358245951355266,0
103565,0.5018645387069253,1
103566,0.18737395621539096,0
103567,0.7737698361670924,1
103568,0.6448108135838296,1
103569,0.32835763614235425,0
103570,0.34802814756789885,0
103571,0.34953147683531605,0
103572,0.20062164345040207,0
103573,0.37351838812884736,0
103574,0.27838739444053107,0
103575,0.8267833330338328,1
103576,0.3534830554854126,0
103577,0.5669646160040134,1
103578,0.2831476551835399,0
103579,0.5530873428637488,1
103580,0.25896937592541436,0
103581,0.4535967255934628,1
103582,0.3879820666135937,0
103583,0.6030907572317015,1
103584,0.6857041494246151,1
103585,0.5365975380589049,1
103586,0.3984125415344707,0
103587,0.3324228725079673,0
103588,0.26665206824096127,0
103589,0.12684405739484583,0
103590,0.584644768537606,1
103591,0.7019417959400148,1
103592,0.4233008723377899,0
103593,0.6251839876732526,1
103594,0.24989061101963722,0
103595,0.5218273457235809,1
103596,0.43259988165180613,0
103597,0.4789594167309676,1
103598,0.35660018177159214,0
103599,0.23486681973719298,0
103600,0.37399959989308235,0
103601,0.5732867442348405,1
103602,0.49294128118307523,1
103603,0.511092498695071,1
103604,0.6583619175238911,1
103605,0.128178166802586,0
103606,0.4619278848480616,1
103607,0.3023048635965082,0
103608,0.3189728715177491,0
103609,0.664695755931831,1
103610,0.24836665598528926,0
103611,0.3800806281508506,0
103612,0.5771142427354903,1
103613,0.6666655229963259,1
103614,0.7527285441682223,1
103615,0.8263358290376079,1
103616,0.7924102536460963,1
103617,0.29052941417004735,0
103618,0.6537550905293583,1
103619,0.21829787643601717,0
103620,0.30898026183706767,0
103621,0.8002040384218085,1
103622,0.7158035267847734,1
103623,0.7678854188656811,1
103624,0.7857301628051349,1
103625,0.6451320608919807,1
103626,0.3258100008422804,0
103627,0.17171091690984885,0
103628,0.12844103711654026,0
103629,0.6880259590210533,1
103630,0.7145454280600274,1
103631,0.27444148251814604,0
103632,0.1659735860805763,0
103633,0.4179195998652452,0
103634,0.8523839635806187,1
103635,0.1533200901872299,0
103636,0.24923002773030642,0
103637,0.1845641394813515,0
103638,0.22731410838158134,0
103639,0.5777503643155246,1
103640,0.6396989694557358,1
103641,0.4343285657665721,0
103642,0.49775985612459306,1
103643,0.29072194799335016,0
103644,0.4725349419920565,1
103645,0.6926688418558695,1
103646,0.2566116953354894,0
103647,0.18726673414771566,0
103648,0.5245448752796387,1
103649,0.3429762891157405,0
103650,0.310174831175998,0
103651,0.508340198316922,1
103652,0.3222450777985453,0
103653,0.25578898353908247,0
103654,0.5809352515545868,1
103655,0.6822481126151211,1
103656,0.4128206017056201,0
103657,0.6526814672278839,1
103658,0.21866838426962823,0
103659,0.24558670116602543,0
103660,0.6997650241692809,1
103661,0.11016224440664474,0
103662,0.13927420399865775,0
103663,0.7083540259872411,1
103664,0.38328711737896237,0
103665,0.1494651458115863,0
103666,0.5078697422101579,1
103667,0.25317648718043795,0
103668,0.47967347064173455,1
103669,0.3279052876533125,0
103670,0.11791869904488446,0
103671,0.26737320062178455,0
103672,0.7438431690900553,1
103673,0.5566942735392988,1
103674,0.3920317839646983,0
103675,0.6419200185896254,1
103676,0.38475558010282584,0
103677,0.5102746860247647,1
103678,0.3988869649607527,0
103679,0.7197391805531622,1
103680,0.2869710247419434,0
103681,0.14419723169870824,0
103682,0.4924508292086391,1
103683,0.32773598764970413,0
103684,0.20268363220150812,0
103685,0.6049890419902263,1
103686,0.23311169089733014,0
103687,0.190056401766743,0
103688,0.3796618965898711,0
103689,0.5875699243806827,1
103690,0.14021110868487272,0
103691,0.6394782531439295,1
103692,0.33996969214391104,0
103693,0.13904679598033257,0
103694,0.3670126964699503,0
103695,0.08955061886015854,0
103696,0.30262916473369955,0
103697,0.24592434993500245,0
103698,0.1570129502615182,0
103699,0.3027329759802821,0
103700,0.37528524315303974,0
103701,0.4236500923756711,0
103702,0.1769433572356565,0
103703,0.4084997931408805,0
103704,0.20256901122638582,0
103705,0.09429863753548887,0
103706,0.3873475865176099,0
103707,0.060138957198792434,0
103708,0.23540268100510275,0
103709,0.4073031408222144,0
103710,0.1645019273650762,0
103711,0.5823553735450127,1
103712,0.38146268894199215,0
103713,0.12844698018368197,0
103714,0.611413777570321,1
103715,0.6122713579054426,1
103716,0.6119739888552833,1
103717,0.30488467653645956,0
103718,0.685101187065214,1
103719,0.6823489898890285,1
103720,0.47589094819161126,1
103721,0.10316760862705618,0
103722,0.2728729927231109,0
103723,0.27755618757889494,0
103724,0.6359479254339166,1
103725,0.3673334447222695,0
103726,0.17310425823537595,0
103727,0.5863280781382276,1
103728,0.3626368506664942,0
103729,0.7611058681316264,1
103730,0.5298699057079648,1
103731,0.05111358649284798,0
103732,0.39784547072115906,0
103733,0.5511186483738354,1
103734,0.7748684267592532,1
103735,0.5525913591980098,1
103736,0.734246383276302,1
103737,0.06143216651014241,0
103738,0.4217593669193651,0
103739,0.45522250534217235,1
103740,0.20732589312559963,0
103741,0.10291648010181367,0
103742,0.7937702816059922,1
103743,0.2316625768965853,0
103744,0.5565378619981919,1
103745,0.28607989634238973,0
103746,0.28569318214693046,0
103747,0.23680967779806067,0
103748,0.3437667317822339,0
103749,0.24078529593587766,0
103750,0.6281725328576018,1
103751,0.6999434721513504,1
103752,0.7494157231082087,1
103753,0.14197190773013918,0
103754,0.4874950804869443,1
103755,0.3917537850417906,0
103756,0.3343415812925917,0
103757,0.6809080162090038,1
103758,0.5762157796078373,1
103759,0.4865523652408862,1
103760,0.6947392677072701,1
103761,0.15797878741216737,0
103762,0.3863066782555252,0
103763,0.6620535846343469,1
103764,0.5435048705767189,1
103765,0.6886700639779881,1
103766,0.11224411247255639,0
103767,0.3242683395314076,0
103768,0.5413813913746177,1
103769,0.6637569506206781,1
103770,0.49098662646719715,1
103771,0.23871631692329087,0
103772,0.1983345192419427,0
103773,0.6147529446339877,1
103774,0.6372927897926555,1
103775,0.13021248491811166,0
103776,0.596141964943074,1
103777,0.20524145105396965,0
103778,0.2658536328566887,0
103779,0.5821973685409518,1
103780,0.7221883406865206,1
103781,0.15324336496547536,0
103782,0.45768097785326656,1
103783,0.7258979453906844,1
103784,0.5015682085512803,1
103785,0.7553165968182898,1
103786,0.1571479621777221,0
103787,0.2740637686602385,0
103788,0.31391104811327597,0
103789,0.5723196898594052,1
103790,0.6621169310147542,1
103791,0.6849991245989326,1
103792,0.5965434132361421,1
103793,0.4670122906033464,1
103794,0.2689353728473764,0
103795,0.5622800550256875,1
103796,0.23015757640968665,0
103797,0.6871556557267283,1
103798,0.6345269188863664,1
103799,0.4628448900990531,1
103800,0.8138347047888377,1
103801,0.39141231756273687,0
103802,0.32813731475243585,0
103803,0.5555268928810984,1
103804,0.416397662700819,0
103805,0.1719634798534822,0
103806,0.6860585921681613,1
103807,0.6612611946684901,1
103808,0.21329791833018802,0
103809,0.30060470311681525,0
103810,0.3124669063551981,0
103811,0.3230421626183503,0
103812,0.7478453565019314,1
103813,0.3427485123188289,0
103814,0.2881571788072457,0
103815,0.13963629216218038,0
103816,0.6548785622896507,1
103817,0.37317741749927,0
103818,0.20264971479723462,0
103819,0.6116985517893243,1
103820,0.6797903997521593,1
103821,0.25605575112985157,0
103822,0.33090962532477036,0
103823,0.15417442319562608,0
103824,0.675761587427506,1
103825,0.18149852926133322,0
103826,0.49208871952613265,1
103827,0.2594735312433381,0
103828,0.7535515953617008,1
103829,0.10678019503248327,0
103830,0.4876095703772504,1
103831,0.7483446124232005,1
103832,0.11184596737616362,0
103833,0.4714295141555598,1
103834,0.4425063962899449,1
103835,0.37725626232904125,0
103836,0.13462496106323224,0
103837,0.17220679127204247,0
103838,0.47188306347393333,1
103839,0.379473712650198,0
103840,0.11996128492520858,0
103841,0.18481933586736518,0
103842,0.2543319482780763,0
103843,0.6611954835387057,1
103844,0.17027067699769013,0
103845,0.3628093515112891,0
103846,0.2864944874966123,0
103847,0.8061810012635346,1
103848,0.14465397417993794,0
103849,0.5073747236721485,1
103850,0.49675899224820563,1
103851,0.4432058768543573,1
103852,0.5419985921778071,1
103853,0.09705798838888065,0
103854,0.7692073509642815,1
103855,0.6212103220881325,1
103856,0.4039875027262295,0
103857,0.23219245650211845,0
103858,0.6244334051989958,1
103859,0.18481366039463681,0
103860,0.18933995412242222,0
103861,0.21195029322075065,0
103862,0.6332830430945351,1
103863,0.16051498798154445,0
103864,0.09867747505319555,0
103865,0.5973572236200737,1
103866,0.5696492370378363,1
103867,0.22792182868180255,0
103868,0.7736157808472406,1
103869,0.5424233506470942,1
103870,0.09926930406370994,0
103871,0.29996971583287,0
103872,0.27502868815440784,0
103873,0.49659508177069983,1
103874,0.7426492289689814,1
103875,0.2426726421180466,0
103876,0.25638210089959274,0
103877,0.17057036933690492,0
103878,0.5506895582155229,1
103879,0.5351642484462631,1
103880,0.1991876176060425,0
103881,0.059829889640607876,0
103882,0.4308999644413479,0
103883,0.27677529840352033,0
103884,0.38732475200063093,0
103885,0.0702490454305661,0
103886,0.5133668673056305,1
103887,0.6381155777610835,1
103888,0.23603121150044415,0
103889,0.4124793691515162,0
103890,0.21747351773279555,0
103891,0.6867333218066037,1
103892,0.18611211547583617,0
103893,0.27534979508853397,0
103894,0.1804131333324252,0
103895,0.43442750415674614,0
103896,0.16048506115216088,0
103897,0.5954292204621153,1
103898,0.21079309141800445,0
103899,0.41035412957297607,0
103900,0.6597302778017855,1
103901,0.21730345182461486,0
103902,0.274466761171905,0
103903,0.5444511581944337,1
103904,0.7128194810260586,1
103905,0.258297795727216,0
103906,0.20789217132711268,0
103907,0.6108664958836658,1
103908,0.7163584108281966,1
103909,0.4687851404913139,1
103910,0.1644868183765768,0
103911,0.4284040555378473,0
103912,0.2567355516246943,0
103913,0.4412270886828225,1
103914,0.5559516348889051,1
103915,0.2762800897410532,0
103916,0.719391654911003,1
103917,0.1943327175482309,0
103918,0.19441348485399818,0
103919,0.4172650885414109,0
103920,0.6427414112014802,1
103921,0.40542669410460436,0
103922,0.620461728589784,1
103923,0.11861331791614532,0
103924,0.7596985303297632,1
103925,0.732761685816794,1
103926,0.490718343804736,1
103927,0.4669133263680999,1
103928,0.5528247921006605,1
103929,0.2695730901492712,0
103930,0.3253234606936632,0
103931,0.3336716694623848,0
103932,0.2363108667690244,0
103933,0.18631061226600404,0
103934,0.5707609962996072,1
103935,0.36725183916444537,0
103936,0.4699925481873195,1
103937,0.5005019104628462,1
103938,0.5038252201757779,1
103939,0.658175285774556,1
103940,0.3438289761453084,0
103941,0.25168949254205963,0
103942,0.2551174368600767,0
103943,0.7518424210328416,1
103944,0.3791504476251523,0
103945,0.5324472628755914,1
103946,0.7217667137233671,1
103947,0.12645578489817252,0
103948,0.47700845024684135,1
103949,0.4914631150001917,1
103950,0.20440706844199655,0
103951,0.28339614812912184,0
103952,0.5777028258545899,1
103953,0.7995951085424059,1
103954,0.19710747144942228,0
103955,0.4957953028937697,1
103956,0.19902163259448472,0
103957,0.7900717250964131,1
103958,0.611072083519093,1
103959,0.20758957414547788,0
103960,0.5645757529471335,1
103961,0.7813792828195977,1
103962,0.07498295988736288,0
103963,0.8399883760373044,1
103964,0.21447989763624925,0
103965,0.2479812283246381,0
103966,0.2681074301770372,0
103967,0.40641116500224655,0
103968,0.4410302817632643,1
103969,0.38717512632382,0
103970,0.6324665342473204,1
103971,0.5846275461117605,1
103972,0.25819896389854247,0
103973,0.2989927724149434,0
103974,0.26310186387659895,0
103975,0.7377642848707597,1
103976,0.362598518764309,0
103977,0.23520601360187524,0
103978,0.5885206813695012,1
103979,0.09613718321968487,0
103980,0.5859506296269794,1
103981,0.4763479215416573,1
103982,0.4637921139375937,1
103983,0.391308716338683,0
103984,0.26888657277918504,0
103985,0.5347265788905381,1
103986,0.41823259881620667,0
103987,0.492364443553727,1
103988,0.5066908321000334,1
103989,0.11833852898416361,0
103990,0.62478350065939,1
103991,0.6741394597991995,1
103992,0.2222251321299476,0
103993,0.7343148884465421,1
103994,0.6638383971720332,1
103995,0.6658213359042963,1
103996,0.4202141007907301,0
103997,0.6665234247054937,1
103998,0.3207044274516769,0
103999,0.4258326367940667,0
104000,0.15388358357457596,0
104001,0.3440652468147931,0
104002,0.7287978980346254,1
104003,0.16610334993438083,0
104004,0.19659260867763992,0
104005,0.6038785694031525,1
104006,0.3830162123252063,0
104007,0.321087585467123,0
104008,0.5804353073475872,1
104009,0.394644508353476,0
104010,0.47918307428541923,1
104011,0.6376368328913559,1
104012,0.607804891347912,1
104013,0.26253887667071085,0
104014,0.1325091327627658,0
104015,0.6595054616655744,1
104016,0.3519865957565113,0
104017,0.6462502825961369,1
104018,0.26998722242079576,0
104019,0.21396919760945105,0
104020,0.11202161778146515,0
104021,0.29290774127365427,0
104022,0.5442562516033568,1
104023,0.32868276419110853,0
104024,0.3999113702356817,0
104025,0.23433455780488505,0
104026,0.3765705943558434,0
104027,0.34425660581156836,0
104028,0.5849900866780712,1
104029,0.4193776045375187,0
104030,0.6142696136751978,1
104031,0.17758474658182113,0
104032,0.35379179533057387,0
104033,0.395969220924614,0
104034,0.18675113256394843,0
104035,0.6313954348979987,1
104036,0.10776172646923125,0
104037,0.5592637250149478,1
104038,0.35534095026377505,0
104039,0.39441852231252883,0
104040,0.44416096054401033,1
104041,0.4244717004882371,0
104042,0.2947672715779154,0
104043,0.27972697674939295,0
104044,0.2361854277982943,0
104045,0.29441963488573786,0
104046,0.8342008247878727,1
104047,0.7366425506692585,1
104048,0.2879665211441219,0
104049,0.33490728412146775,0
104050,0.6450454361914497,1
104051,0.07180677261910873,0
104052,0.4208490567077546,0
104053,0.2156814794126851,0
104054,0.558432303140541,1
104055,0.30294538775636637,0
104056,0.3492593338523478,0
104057,0.19093566591277492,0
104058,0.09357934516678944,0
104059,0.17633797026650597,0
104060,0.7229332687189689,1
104061,0.5856962698015276,1
104062,0.373500770989099,0
104063,0.2522145526514393,0
104064,0.392815083279538,0
104065,0.6863181304197402,1
104066,0.21791805425258043,0
104067,0.6177256993459144,1
104068,0.2511763977590356,0
104069,0.4794825441917131,1
104070,0.3331423231165835,0
104071,0.7772439301798851,1
104072,0.14822728853440031,0
104073,0.1805796603428347,0
104074,0.16003246961099268,0
104075,0.7161779199086684,1
104076,0.7854939633409793,1
104077,0.7220557895007229,1
104078,0.16848083140332995,0
104079,0.7264682277803807,1
104080,0.10475633565332917,0
104081,0.592967068170711,1
104082,0.3937485018506137,0
104083,0.29339811805885263,0
104084,0.7107130293710345,1
104085,0.6724801594924713,1
104086,0.15636529771408317,0
104087,0.30822651408772866,0
104088,0.5665516972280006,1
104089,0.46970043332072786,1
104090,0.45837294565474085,1
104091,0.7224345869528446,1
104092,0.6636918944759684,1
104093,0.6627896020369144,1
104094,0.22491452410962187,0
104095,0.19432392711616076,0
104096,0.46099952543936407,1
104097,0.15807411789050899,0
104098,0.3434333617619666,0
104099,0.4536323080093232,1
104100,0.28802090711854145,0
104101,0.24259835920712494,0
104102,0.12096647542137788,0
104103,0.5804115315415077,1
104104,0.3224513044274545,0
104105,0.38068002323454,0
104106,0.5418285364753144,1
104107,0.5873169474363887,1
104108,0.7785457751649529,1
104109,0.7865558587343157,1
104110,0.3362499701268966,0
104111,0.22466361696290646,0
104112,0.2331170514981147,0
104113,0.45474096706728184,1
104114,0.6499493971993195,1
104115,0.23066827195455683,0
104116,0.22445698565489622,0
104117,0.1527986473607127,0
104118,0.5221728242354141,1
104119,0.21979358942162014,0
104120,0.23617959521954623,0
104121,0.25018378406046876,0
104122,0.5801604714427001,1
104123,0.44585549946983827,1
104124,0.5729864019032278,1
104125,0.09976943490267973,0
104126,0.696670847952295,1
104127,0.27319366707976955,0
104128,0.16703527320743344,0
104129,0.3787753788545122,0
104130,0.3862290384316165,0
104131,0.11524549399344951,0
104132,0.318261566669733,0
104133,0.4865423486161496,1
104134,0.144657722340897,0
104135,0.5745813961555701,1
104136,0.17248013273875024,0
104137,0.4892494804784884,1
104138,0.27640549771733014,0
104139,0.2787656153363806,0
104140,0.541960671884134,1
104141,0.27806454094207267,0
104142,0.532263499439218,1
104143,0.40047643544782746,0
104144,0.28193839851155983,0
104145,0.761109000813511,1
104146,0.6185078031275404,1
104147,0.3791433387812928,0
104148,0.696708691216688,1
104149,0.13442507929504985,0
104150,0.48749584090371845,1
104151,0.4485707949430214,1
104152,0.8118656455885732,1
104153,0.5557763689000126,1
104154,0.7244000594048488,1
104155,0.4093869383154451,0
104156,0.7982098905894336,1
104157,0.5274967757668356,1
104158,0.42827137136391275,0
104159,0.28320296547838064,0
104160,0.5900818160283731,1
104161,0.6112291544759094,1
104162,0.3730795998938781,0
104163,0.708895459033152,1
104164,0.2832689778369303,0
104165,0.1374424255485993,0
104166,0.6972842836834412,1
104167,0.6051403043211758,1
104168,0.1607746606649422,0
104169,0.42030417223585126,0
104170,0.24906795608286264,0
104171,0.6409108516658378,1
104172,0.34395625837265315,0
104173,0.3795075000531319,0
104174,0.44950875709508614,1
104175,0.37289724633224475,0
104176,0.4792999202134146,1
104177,0.7537012798368292,1
104178,0.21474350549504825,0
104179,0.2564883507494793,0
104180,0.3488794243680374,0
104181,0.42013135026524395,0
104182,0.1559207651166282,0
104183,0.17772001096366463,0
104184,0.4776467335426424,1
104185,0.4456422774045904,1
104186,0.1711004269156008,0
104187,0.3588590975094407,0
104188,0.17184537642678752,0
104189,0.6033164715638875,1
104190,0.6842783190668424,1
104191,0.3897169661557628,0
104192,0.31826142270507,0
104193,0.1655859868560558,0
104194,0.4270232384505988,0
104195,0.43370468622071634,0
104196,0.6044902748739519,1
104197,0.12389469893211322,0
104198,0.24477172408578776,0
104199,0.44331334973339576,1
104200,0.06437768138548283,0
104201,0.16101646920666068,0
104202,0.5043465531338867,1
104203,0.2766512361969725,0
104204,0.4116606966909542,0
104205,0.15838340842688214,0
104206,0.3601510569741544,0
104207,0.6536476211412909,1
104208,0.6924776127128967,1
104209,0.6017454748857852,1
104210,0.08502579964060714,0
104211,0.3922477750103761,0
104212,0.47955153596132527,1
104213,0.7047312750901925,1
104214,0.42982063910004814,0
104215,0.5280506617890965,1
104216,0.5556549671003177,1
104217,0.5075046810516304,1
104218,0.4079611431767552,0
104219,0.15031457249826258,0
104220,0.695861741821597,1
104221,0.17642050580688667,0
104222,0.2573277328067022,0
104223,0.6662334245280193,1
104224,0.3574173564183557,0
104225,0.48537455389829665,1
104226,0.32787138423213186,0
104227,0.5806610084074112,1
104228,0.31781993760234123,0
104229,0.3104288914678422,0
104230,0.5168213828147469,1
104231,0.663387738329915,1
104232,0.6595281132085776,1
104233,0.7737016659785148,1
104234,0.7528451720975193,1
104235,0.12279275405664497,0
104236,0.3010618161640095,0
104237,0.5906559290698763,1
104238,0.5284487399039149,1
104239,0.3403530073829828,0
104240,0.45281810589891136,1
104241,0.28778054517711904,0
104242,0.2628406506614407,0
104243,0.3755258511316998,0
104244,0.5535337916366818,1
104245,0.09883205685126562,0
104246,0.586687722542343,1
104247,0.22656196093252706,0
104248,0.3218149452039645,0
104249,0.7126355702681603,1
104250,0.35527048162210234,0
104251,0.640820439026531,1
104252,0.7495469115005482,1
104253,0.827253779852023,1
104254,0.25666159986726256,0
104255,0.41622560539276937,0
104256,0.5379664235201925,1
104257,0.2934985357474818,0
104258,0.7077706124934773,1
104259,0.26885713384316545,0
104260,0.7613754723993001,1
104261,0.49639593651854974,1
104262,0.2648574323334183,0
104263,0.4288785026554497,0
104264,0.42631309044545895,0
104265,0.13895615580783205,0
104266,0.742118835203207,1
104267,0.3527615903696327,0
104268,0.6650500945754592,1
104269,0.6063747263134271,1
104270,0.231659442671379,0
104271,0.27551081951250184,0
104272,0.6705883939675208,1
104273,0.3528396033940043,0
104274,0.5171312974685863,1
104275,0.6707045677032076,1
104276,0.6045367895351915,1
104277,0.5829903953763951,1
104278,0.5129242685992468,1
104279,0.15748692735566217,0
104280,0.45822350593738626,1
104281,0.7733299861323428,1
104282,0.6809475421642541,1
104283,0.6816451233616663,1
104284,0.47547455920960763,1
104285,0.5543956672124399,1
104286,0.48950755400924584,1
104287,0.17881939708681194,0
104288,0.45629883522087705,1
104289,0.17785177276350977,0
104290,0.19439204704723587,0
104291,0.22048140333167082,0
104292,0.561231887927913,1
104293,0.8451798080033324,1
104294,0.1422200374388008,0
104295,0.47469405176584784,1
104296,0.31341856905722176,0
104297,0.3875824057880406,0
104298,0.5006813109383413,1
104299,0.3237730161638968,0
104300,0.4981746363252784,1
104301,0.11412661105570848,0
104302,0.1427462953306255,0
104303,0.3953731698717643,0
104304,0.22704487561141617,0
104305,0.7935273278426801,1
104306,0.3233779621908116,0
104307,0.30441112200300025,0
104308,0.29300183023569326,0
104309,0.49811480973608147,1
104310,0.05353614366827929,0
104311,0.8741774651552698,1
104312,0.3377927177276009,0
104313,0.2167455833352367,0
104314,0.3798580146599234,0
104315,0.48975768053984614,1
104316,0.1819993121001456,0
104317,0.30586444287500314,0
104318,0.7691460660776035,1
104319,0.5512094132189259,1
104320,0.39294211030565673,0
104321,0.43427612523605585,0
104322,0.6485304721238644,1
104323,0.5953032160146957,1
104324,0.6705461142379503,1
104325,0.28837888872628525,0
104326,0.6307107240679168,1
104327,0.5048321909339553,1
104328,0.6129349587685127,1
104329,0.21068556877858613,0
104330,0.7433759416552359,1
104331,0.40076430725534773,0
104332,0.19221133116962108,0
104333,0.10952651771601637,0
104334,0.5918070953747875,1
104335,0.3686381887744448,0
104336,0.5014704066523705,1
104337,0.5475957415822024,1
104338,0.6616705417208902,1
104339,0.705347747753592,1
104340,0.26853742261505875,0
104341,0.5581437653644334,1
104342,0.5664395760681323,1
104343,0.7229295305452905,1
104344,0.40323216664402123,0
104345,0.10464333069344202,0
104346,0.7066251658580768,1
104347,0.3331752260205539,0
104348,0.21071992897477262,0
104349,0.45746497283164583,1
104350,0.07156205943020892,0
104351,0.4432133195423096,1
104352,0.5415285313409034,1
104353,0.6292705193446732,1
104354,0.2687079723060645,0
104355,0.1013497675797769,0
104356,0.13288193168844079,0
104357,0.3267470690982135,0
104358,0.38161759903383663,0
104359,0.6810862873430557,1
104360,0.0702007309025572,0
104361,0.37389589761883363,0
104362,0.6230439025588197,1
104363,0.3529861710371682,0
104364,0.2759806792574026,0
104365,0.7867620625375641,1
104366,0.3113869220490351,0
104367,0.44733438568251993,1
104368,0.40646612172322594,0
104369,0.7254975080690601,1
104370,0.2840568037377727,0
104371,0.5659808355128841,1
104372,0.4336851871187728,0
104373,0.37777567741267354,0
104374,0.13463463219042232,0
104375,0.4583921740083027,1
104376,0.6318575031729445,1
104377,0.6328222514118593,1
104378,0.556392742131196,1
104379,0.414968126040431,0
104380,0.16144179034441256,0
104381,0.44089714224113535,1
104382,0.08794776239019508,0
104383,0.17358265955907398,0
104384,0.6852000825020303,1
104385,0.4597880198764639,1
104386,0.3153132125696607,0
104387,0.6458112288931136,1
104388,0.5197535759705528,1
104389,0.09359228827634895,0
104390,0.5172826529958174,1
104391,0.368487170389634,0
104392,0.24616120946340672,0
104393,0.19077997736498836,0
104394,0.16133778322757097,0
104395,0.24501796171285556,0
104396,0.4634546203182342,1
104397,0.45090309424640646,1
104398,0.357201841106925,0
104399,0.4206035242105378,0
104400,0.4905229248613784,1
104401,0.39115354454703977,0
104402,0.40747576125858254,0
104403,0.09798891329816237,0
104404,0.5847905705587567,1
104405,0.4922791266582138,1
104406,0.3341395994925884,0
104407,0.09714930462363974,0
104408,0.20545877927537373,0
104409,0.7462728153460929,1
104410,0.769409101689241,1
104411,0.3643378507762179,0
104412,0.319091048552118,0
104413,0.6258701241458703,1
104414,0.22839696511480795,0
104415,0.5218505846923623,1
104416,0.30381992731259644,0
104417,0.8201946931483705,1
104418,0.7456174283891281,1
104419,0.5485796523046312,1
104420,0.44631910606285324,1
104421,0.4428678018225332,1
104422,0.2806698564534638,0
104423,0.24358336750226803,0
104424,0.5844227008629932,1
104425,0.5400550541665978,1
104426,0.6420460933843477,1
104427,0.38331769554889794,0
104428,0.7526726326206896,1
104429,0.45739204761887287,1
104430,0.2748668193773641,0
104431,0.7393514197816206,1
104432,0.5541200300146721,1
104433,0.1410407987619779,0
104434,0.34081390413522206,0
104435,0.27336736678891765,0
104436,0.3055462953470734,0
104437,0.6783520003333717,1
104438,0.6295639023278827,1
104439,0.16324361187290135,0
104440,0.7177758398335669,1
104441,0.32502344985512527,0
104442,0.662139962230925,1
104443,0.7627884721860825,1
104444,0.672855277280116,1
104445,0.33906654139112385,0
104446,0.09750334911719029,0
104447,0.15011368430380803,0
104448,0.4300300886401346,0
104449,0.19098132371962942,0
104450,0.11334751407965346,0
104451,0.08599400216393491,0
104452,0.10863953033802272,0
104453,0.23663431111466343,0
104454,0.20888261113260764,0
104455,0.34625061603894136,0
104456,0.4404935838376392,1
104457,0.6004995927774053,1
104458,0.45105334058993046,1
104459,0.5104981390129831,1
104460,0.7145660400726621,1
104461,0.2670315021445171,0
104462,0.37084556459769913,0
104463,0.40555429129752973,0
104464,0.5257382102321821,1
104465,0.1639140295059304,0
104466,0.3249025241028127,0
104467,0.22036018641025626,0
104468,0.19083418131010293,0
104469,0.32787394171673945,0
104470,0.6888905341780525,1
104471,0.21191101228089046,0
104472,0.5779833309308723,1
104473,0.6448870289700961,1
104474,0.11047330255707623,0
104475,0.7045692505962323,1
104476,0.4323581107675064,0
104477,0.7382081766055636,1
104478,0.46108439500991216,1
104479,0.09021819803254419,0
104480,0.38714147650533004,0
104481,0.2744018531381197,0
104482,0.27299247952743333,0
104483,0.5617647292203887,1
104484,0.635219162199707,1
104485,0.44797721896144066,1
104486,0.4901558666118264,1
104487,0.29460659043810067,0
104488,0.15286461044826258,0
104489,0.5132016145539416,1
104490,0.3469827718065265,0
104491,0.6054484709475523,1
104492,0.7092028260426666,1
104493,0.7292399512501047,1
104494,0.548153282696242,1
104495,0.5611615279604714,1
104496,0.44409042765010187,1
104497,0.4999685899319407,1
104498,0.6314673365526946,1
104499,0.49784761387593723,1
104500,0.41914860579866475,0
104501,0.6710138032375579,1
104502,0.3903941393176227,0
104503,0.30892055220415493,0
104504,0.5297371498526308,1
104505,0.24289786209986744,0
104506,0.7187456882333944,1
104507,0.6621420265074003,1
104508,0.6463143522791117,1
104509,0.7573137700042969,1
104510,0.5114788110083572,1
104511,0.5889805357066742,1
104512,0.60064699124109,1
104513,0.39012710517638227,0
104514,0.7459155432864077,1
104515,0.7291154341543842,1
104516,0.7695570216529999,1
104517,0.41111538444213147,0
104518,0.06186842279169351,0
104519,0.5362228788208792,1
104520,0.34316963975773596,0
104521,0.7368140737937853,1
104522,0.25801378736681624,0
104523,0.4670755114073191,1
104524,0.5729764433838254,1
104525,0.7732809445712543,1
104526,0.2215867673926618,0
104527,0.3166322986665178,0
104528,0.8494477551253601,1
104529,0.4268835757195334,0
104530,0.3119187960331488,0
104531,0.43489081729829676,0
104532,0.7382265864438039,1
104533,0.3997540117929044,0
104534,0.5208846469163046,1
104535,0.3080733344871799,0
104536,0.26691130973921784,0
104537,0.19219362594388845,0
104538,0.471608206909926,1
104539,0.36112552300817513,0
104540,0.2749422380203504,0
104541,0.5857426178859868,1
104542,0.3755653160323615,0
104543,0.10268124487425856,0
104544,0.6400447655230155,1
104545,0.27068384471143736,0
104546,0.5225570852693421,1
104547,0.6791818482510978,1
104548,0.7452011220375669,1
104549,0.5776782405156843,1
104550,0.7205574348261945,1
104551,0.6680284366370712,1
104552,0.3721443997689161,0
104553,0.48527682469450284,1
104554,0.16669478795494053,0
104555,0.1642908320536596,0
104556,0.13218799583604057,0
104557,0.18504622523065992,0
104558,0.2601492108977033,0
104559,0.7490647822746271,1
104560,0.49794305480311696,1
104561,0.6900333465429395,1
104562,0.4408501659837086,1
104563,0.6731447228817824,1
104564,0.7096971655621784,1
104565,0.4717624160709832,1
104566,0.4631088957990678,1
104567,0.6783741670703748,1
104568,0.24852486181230019,0
104569,0.6801258230173768,1
104570,0.29136772227549484,0
104571,0.5397272698418343,1
104572,0.06485456316554566,0
104573,0.768591245297181,1
104574,0.6026671954704462,1
104575,0.5254091208034284,1
104576,0.42915732103548704,0
104577,0.24621094093741297,0
104578,0.6362544913663569,1
104579,0.5582336587822841,1
104580,0.6378029729728292,1
104581,0.1486551243984015,0
104582,0.6984483381074185,1
104583,0.4987218742766991,1
104584,0.44603425522917206,1
104585,0.11687380150881142,0
104586,0.48230907221144836,1
104587,0.26594661326629254,0
104588,0.4268294801038093,0
104589,0.38156307133147543,0
104590,0.6165076565301684,1
104591,0.18177865119884407,0
104592,0.6960060464583656,1
104593,0.43323425544226946,0
104594,0.4952892102096614,1
104595,0.4521002836955312,1
104596,0.31654370205608384,0
104597,0.3465662889873501,0
104598,0.4594009178818334,1
104599,0.6936229638635292,1
104600,0.5593020673183063,1
104601,0.25094217909740624,0
104602,0.26461181606692985,0
104603,0.07575230528787119,0
104604,0.20769812213144356,0
104605,0.2656095202994257,0
104606,0.2703851794760074,0
104607,0.3333375467859486,0
104608,0.8920514208427168,1
104609,0.6388986037261825,1
104610,0.3356440034474942,0
104611,0.16198894672903014,0
104612,0.673613622830542,1
104613,0.2450996758277491,0
104614,0.5483624648085591,1
104615,0.7318377916176462,1
104616,0.5234542997422494,1
104617,0.7913675284156764,1
104618,0.4184513415232656,0
104619,0.7658523662664828,1
104620,0.0765050789793072,0
104621,0.6300665854806435,1
104622,0.29982550774847366,0
104623,0.3320195297417094,0
104624,0.21167185934620675,0
104625,0.4162627260957994,0
104626,0.11739302292856453,0
104627,0.34508769270061085,0
104628,0.2956911635159725,0
104629,0.252496820654872,0
104630,0.7260399023029968,1
104631,0.6311712676549631,1
104632,0.4422862835137785,1
104633,0.5628837253534005,1
104634,0.7416923169145897,1
104635,0.14901353178747112,0
104636,0.16616117276460898,0
104637,0.15419763416316176,0
104638,0.5621506612825371,1
104639,0.4096959145890738,0
104640,0.49067791157699214,1
104641,0.600182030732948,1
104642,0.12681595565700618,0
104643,0.6449602064855398,1
104644,0.6165048160094042,1
104645,0.3227594394794905,0
104646,0.7079179248508631,1
104647,0.4971139510863271,1
104648,0.10347596287451366,0
104649,0.2056344679914087,0
104650,0.45419719041860457,1
104651,0.6148177859555841,1
104652,0.28006427768406056,0
104653,0.6320052263213327,1
104654,0.3340334974416068,0
104655,0.25153377188204257,0
104656,0.14841682634467018,0
104657,0.08548254771043197,0
104658,0.26645826265360906,0
104659,0.25341680743904066,0
104660,0.21664491848769296,0
104661,0.5983010097776912,1
104662,0.26551794409232266,0
104663,0.1162742523865202,0
104664,0.2348276701948753,0
104665,0.30734587389989865,0
104666,0.7183947908676191,1
104667,0.3517816252336243,0
104668,0.19370307219299393,0
104669,0.4411617129699595,1
104670,0.20379556900172832,0
104671,0.42401810798447664,0
104672,0.39001580654112655,0
104673,0.2183323590607868,0
104674,0.42964564129654637,0
104675,0.5080749469751177,1
104676,0.751351120970182,1
104677,0.29083904491820595,0
104678,0.1775844248314844,0
104679,0.4041554628191002,0
104680,0.29001393241006407,0
104681,0.5233388226246034,1
104682,0.6587549458634816,1
104683,0.28038357432474353,0
104684,0.32706606014317813,0
104685,0.4273708891831763,0
104686,0.07611804999949873,0
104687,0.30840477350941736,0
104688,0.18813396868680052,0
104689,0.4872337223223564,1
104690,0.38938407001423747,0
104691,0.15163648836584107,0
104692,0.39451651965239354,0
104693,0.5958195970280689,1
104694,0.2640876689971125,0
104695,0.1771367598418024,0
104696,0.304026805009447,0
104697,0.3377248768005861,0
104698,0.5798474668690874,1
104699,0.6325961176673124,1
104700,0.7636087328165059,1
104701,0.4289219236672697,0
104702,0.6356130288042708,1
104703,0.5390675668355375,1
104704,0.22497713458079366,0
104705,0.15572125787515348,0
104706,0.8254917295926472,1
104707,0.17542246710540887,0
104708,0.26584481733441373,0
104709,0.6599717163233911,1
104710,0.6863590866676837,1
104711,0.21720977265127514,0
104712,0.10099047697157157,0
104713,0.4914406865027028,1
104714,0.17962829034366584,0
104715,0.0907760759496356,0
104716,0.42163095668996253,0
104717,0.6691909716163952,1
104718,0.6847359448610885,1
104719,0.7330278522119058,1
104720,0.43785129709270354,1
104721,0.08364611861594223,0
104722,0.6624985646265122,1
104723,0.449974289787546,1
104724,0.6979494402391013,1
104725,0.4735003695750427,1
104726,0.4271833334896703,0
104727,0.15466322027017135,0
104728,0.5714241792007468,1
104729,0.612674951048205,1
104730,0.5050878270243611,1
104731,0.7368950970967931,1
104732,0.20136523445197352,0
104733,0.3307859619679467,0
104734,0.7550417113082823,1
104735,0.08509550128070331,0
104736,0.29034710535370517,0
104737,0.44329111254609277,1
104738,0.2058048380598728,0
104739,0.5111856368599585,1
104740,0.476336740653019,1
104741,0.5402269639012461,1
104742,0.5389096667346043,1
104743,0.17170299454054497,0
104744,0.3325682921784782,0
104745,0.7219305225987386,1
104746,0.17782699857566375,0
104747,0.464397253166888,1
104748,0.2617037921262821,0
104749,0.2753269848372246,0
104750,0.42586352977424785,0
104751,0.5429340491273262,1
104752,0.26000009521543743,0
104753,0.4930242947260333,1
104754,0.4413381768440514,1
104755,0.6595343735829213,1
104756,0.7590306318204147,1
104757,0.7580314145439095,1
104758,0.15021708542740048,0
104759,0.44701152459849747,1
104760,0.6573766626746108,1
104761,0.2536983258054676,0
104762,0.1834351852740172,0
104763,0.5766493077515742,1
104764,0.7045160930565275,1
104765,0.31234320313542546,0
104766,0.691356751838416,1
104767,0.2522777971962173,0
104768,0.5151359467498332,1
104769,0.4561738532289845,1
104770,0.6810378024431196,1
104771,0.4218772612990606,0
104772,0.5094591796286246,1
104773,0.3921236287725949,0
104774,0.46840305070652954,1
104775,0.33781353404243386,0
104776,0.6013172811680546,1
104777,0.750839351140179,1
104778,0.5162123446905277,1
104779,0.08779909503453354,0
104780,0.41658363462814535,0
104781,0.22633191665289468,0
104782,0.4138885880184486,0
104783,0.7203367270370932,1
104784,0.4575796468253296,1
104785,0.769379224061204,1
104786,0.6257441057735649,1
104787,0.4089281911811158,0
104788,0.13889687213000634,0
104789,0.5542359791572148,1
104790,0.5279791512346736,1
104791,0.1797407307225495,0
104792,0.3814835091184917,0
104793,0.18982796988945233,0
104794,0.25350986596189456,0
104795,0.5822481915469672,1
104796,0.5543629960458072,1
104797,0.6231194773439738,1
104798,0.7010906481970193,1
104799,0.5941326111817375,1
104800,0.4136638340918033,0
104801,0.17319114045646763,0
104802,0.16277311511930434,0
104803,0.639361067298248,1
104804,0.4595599413795268,1
104805,0.582296969049105,1
104806,0.6195688332425002,1
104807,0.15210738594798953,0
104808,0.33394892617938626,0
104809,0.5783309150431861,1
104810,0.685519672418679,1
104811,0.09446545594110156,0
104812,0.21919112079825345,0
104813,0.5441406963204698,1
104814,0.17955287260375394,0
104815,0.28745319346970327,0
104816,0.2704103926168502,0
104817,0.3537211296534606,0
104818,0.31290575916777114,0
104819,0.17406325231589195,0
104820,0.3170491862026693,0
104821,0.3567341169992079,0
104822,0.24713018254940555,0
104823,0.6654766020059213,1
104824,0.3683340096461637,0
104825,0.7795008566753273,1
104826,0.19377767706878152,0
104827,0.3260581609543459,0
104828,0.5889568171808298,1
104829,0.39313835666897756,0
104830,0.22264211923697816,0
104831,0.6929898486714867,1
104832,0.5236909185787243,1
104833,0.6136760285607192,1
104834,0.636442137120303,1
104835,0.5577781652706955,1
104836,0.2018302511687886,0
104837,0.17611346464488611,0
104838,0.25226225647084183,0
104839,0.3114890981246903,0
104840,0.5076572150342255,1
104841,0.1327868975816,0
104842,0.2265737621365918,0
104843,0.23548979805330117,0
104844,0.1948551851105756,0
104845,0.40779192374409456,0
104846,0.4742594488376233,1
104847,0.6409744659379645,1
104848,0.19718612901092855,0
104849,0.17562109300193313,0
104850,0.33901062266372506,0
104851,0.6150295498723231,1
104852,0.568345412155024,1
104853,0.5350143029951213,1
104854,0.5021319224742051,1
104855,0.5496007475598697,1
104856,0.6091975447689355,1
104857,0.36387626936836737,0
104858,0.31586947338088933,0
104859,0.13016060087854875,0
104860,0.4142010917274511,0
104861,0.10499521461098385,0
104862,0.418132830921356,0
104863,0.6796368387797989,1
104864,0.5022922836632565,1
104865,0.3993714854458372,0
104866,0.17978823830731916,0
104867,0.6499022290121279,1
104868,0.7370553873034101,1
104869,0.4072631624717561,0
104870,0.49718247841108837,1
104871,0.5425738167518777,1
104872,0.2452009676852777,0
104873,0.26061324251500995,0
104874,0.5506947137039172,1
104875,0.7192477088086671,1
104876,0.3773969377679978,0
104877,0.7391465511319942,1
104878,0.5351450601220014,1
104879,0.6757638971538047,1
104880,0.18688203127780606,0
104881,0.5707604507946411,1
104882,0.09575794032474046,0
104883,0.3957035065528863,0
104884,0.19461563095889423,0
104885,0.754845133264592,1
104886,0.2583124301107355,0
104887,0.22644264721862528,0
104888,0.3269346700065074,0
104889,0.7338305710114179,1
104890,0.16133362265538115,0
104891,0.3120981240631522,0
104892,0.33643185658469676,0
104893,0.18159849310607856,0
104894,0.6063819585704227,1
104895,0.16690767337562332,0
104896,0.6367391776349012,1
104897,0.7297851164688104,1
104898,0.43230163408653927,0
104899,0.4734875912470258,1
104900,0.26275599962023016,0
104901,0.6207860532225594,1
104902,0.5700663397322787,1
104903,0.341872112600963,0
104904,0.7879302204907346,1
104905,0.6443176535250583,1
104906,0.6850672532129888,1
104907,0.5192069776535054,1
104908,0.661159093340422,1
104909,0.5492023750985919,1
104910,0.2701692039946915,0
104911,0.35140867767072675,0
104912,0.704863580525558,1
104913,0.45308027397793604,1
104914,0.6920160519509051,1
104915,0.255313514576611,0
104916,0.3665551315786936,0
104917,0.3714091707992748,0
104918,0.31109657071651653,0
104919,0.3706328918669163,0
104920,0.6699391020998815,1
104921,0.7550917901429814,1
104922,0.18022105453217852,0
104923,0.29232615898197056,0
104924,0.10919968225115055,0
104925,0.7454834497815175,1
104926,0.5068967561023143,1
104927,0.4302885787568638,0
104928,0.7842291573207096,1
104929,0.489836700207403,1
104930,0.19645906925851686,0
104931,0.4259470244098072,0
104932,0.17209822833638033,0
104933,0.2742522815140959,0
104934,0.7352734568674041,1
104935,0.6925719086641831,1
104936,0.3696097493748717,0
104937,0.25821757954450464,0
104938,0.5604708360763763,1
104939,0.385576397939004,0
104940,0.12667297617100343,0
104941,0.2938070908172263,0
104942,0.6149638677126877,1
104943,0.1942503554400335,0
104944,0.45535723377233234,1
104945,0.5565836664250997,1
104946,0.6501854445890025,1
104947,0.7110265917636467,1
104948,0.2452022525639353,0
104949,0.24371732643573868,0
104950,0.8034195310013229,1
104951,0.42438472836607044,0
104952,0.16524199104411857,0
104953,0.47900113515634996,1
104954,0.49514027460285615,1
104955,0.6189105757660225,1
104956,0.29480076526282334,0
104957,0.666603827149928,1
104958,0.7933911950874595,1
104959,0.3999548884475433,0
104960,0.38199176286837416,0
104961,0.3866270788135231,0
104962,0.7045960147913073,1
104963,0.14774837080872738,0
104964,0.6063050220756695,1
104965,0.15239124157201145,0
104966,0.28127352876566286,0
104967,0.17831288547675095,0
104968,0.4838721762110691,1
104969,0.3483332274157898,0
104970,0.3204935287386874,0
104971,0.2061874662754784,0
104972,0.18851775131967313,0
104973,0.4058577402550385,0
104974,0.22249812521396395,0
104975,0.6221229572125018,1
104976,0.23003638958591757,0
104977,0.05640634286897678,0
104978,0.3084225307726559,0
104979,0.37793334874923484,0
104980,0.5799533941179529,1
104981,0.13589229393795949,0
104982,0.3032800724298694,0
104983,0.5449780603655657,1
104984,0.6966574291139482,1
104985,0.38677089150098254,0
104986,0.3721466028108771,0
104987,0.5311838206980786,1
104988,0.2751597800413145,0
104989,0.8778497015266667,1
104990,0.18065497073650735,0
104991,0.5454711428729714,1
104992,0.5801738350735083,1
104993,0.5233328269978396,1
104994,0.10540641030448417,0
104995,0.09958239345003235,0
104996,0.4103831081658962,0
104997,0.20797867252166066,0
104998,0.49136660995784986,1
104999,0.38622261240220007,0
105000,0.6550114111716128,1
105001,0.6278888403755083,1
105002,0.22790150257630842,0
105003,0.23802718819829422,0
105004,0.5155198382879671,1
105005,0.48000294870925375,1
105006,0.33564883733624884,0
105007,0.43070360170450106,0
105008,0.20743197429399118,0
105009,0.1796150999378429,0
105010,0.15183678541947968,0
105011,0.39046789278705907,0
105012,0.41959234107952076,0
105013,0.4963707307312939,1
105014,0.46905604533610096,1
105015,0.5632789792377266,1
105016,0.6615337434409506,1
105017,0.7326802546170263,1
105018,0.5721015849624377,1
105019,0.2405184148509194,0
105020,0.4888560457305995,1
105021,0.7426400790826411,1
105022,0.4174440887056212,0
105023,0.1619619859891774,0
105024,0.24385617522263506,0
105025,0.6592436580111868,1
105026,0.4290337738553344,0
105027,0.05948284664613436,0
105028,0.6489346505413003,1
105029,0.7190599099283231,1
105030,0.4099261640691391,0
105031,0.7186861372644027,1
105032,0.26358794760883664,0
105033,0.18807278608198277,0
105034,0.10286459260675472,0
105035,0.586686592241729,1
105036,0.3970578271775393,0
105037,0.411523138922739,0
105038,0.5725950628436643,1
105039,0.4558747524077154,1
105040,0.585256411805579,1
105041,0.14246580692137772,0
105042,0.5318617267772036,1
105043,0.24176424993656404,0
105044,0.4870843746099527,1
105045,0.07291754634262933,0
105046,0.23724659998090838,0
105047,0.42734287009725913,0
105048,0.18531431618935418,0
105049,0.41035035215630977,0
105050,0.5698901540539161,1
105051,0.19156943848147542,0
105052,0.4120649397228486,0
105053,0.10307410487610649,0
105054,0.22363071203426568,0
105055,0.3120458435088672,0
105056,0.24855072883561305,0
105057,0.179993863482467,0
105058,0.7928374388388328,1
105059,0.16037886801862608,0
105060,0.6740837057540543,1
105061,0.3585354048268623,0
105062,0.3589196098425914,0
105063,0.6322334224510983,1
105064,0.20257096387157644,0
105065,0.6147631822402906,1
105066,0.0654366977469459,0
105067,0.3886282444258549,0
105068,0.6045920977477903,1
105069,0.09553323193566139,0
105070,0.3479864438803256,0
105071,0.4048688212922313,0
105072,0.2846821468240235,0
105073,0.4607626343079998,1
105074,0.5755152583311106,1
105075,0.4323757393664479,0
105076,0.36454439041034137,0
105077,0.16736986351002558,0
105078,0.1460493600880286,0
105079,0.23045168235635693,0
105080,0.2364318656935258,0
105081,0.3147017194102329,0
105082,0.7428784076741931,1
105083,0.5921932139102843,1
105084,0.09203410438605848,0
105085,0.7980579698093235,1
105086,0.24562503928660806,0
105087,0.29121673812566795,0
105088,0.42805771127061953,0
105089,0.5564280613827483,1
105090,0.47534868055069573,1
105091,0.18525447106408083,0
105092,0.22910015401544656,0
105093,0.30419367202230596,0
105094,0.7172852537535976,1
105095,0.5207061085180679,1
105096,0.35659516159072374,0
105097,0.3361962066978835,0
105098,0.4331832790662606,0
105099,0.34257747409946326,0
105100,0.4927334264531708,1
105101,0.5563330764374058,1
105102,0.6107593154121479,1
105103,0.3247382218750165,0
105104,0.32515039279418306,0
105105,0.20264235703249175,0
105106,0.7250971094433486,1
105107,0.5602840506738975,1
105108,0.4945896464891079,1
105109,0.5078074595823414,1
105110,0.45773087795212586,1
105111,0.35260008125250475,0
105112,0.5350326089467348,1
105113,0.6314969166504837,1
105114,0.4104050612563553,0
105115,0.1305749187325252,0
105116,0.6975681979743913,1
105117,0.7124092128697361,1
105118,0.4265332173929185,0
105119,0.2631769981236233,0
105120,0.6342917915837056,1
105121,0.6752385262382563,1
105122,0.24242845612052719,0
105123,0.5581874116912283,1
105124,0.7684512210467735,1
105125,0.7838145374433675,1
105126,0.1843114073439186,0
105127,0.5441199598879609,1
105128,0.3438377101366949,0
105129,0.34551344221723806,0
105130,0.673729757161819,1
105131,0.33893254159855996,0
105132,0.24268008789042822,0
105133,0.38963088898750503,0
105134,0.5691844991381252,1
105135,0.1972489016732084,0
105136,0.5003818191044633,1
105137,0.3371473161456138,0
105138,0.5138943835097145,1
105139,0.8904988560235704,1
105140,0.5292320649792281,1
105141,0.3633519673163376,0
105142,0.49533089800613755,1
105143,0.5221157944147621,1
105144,0.8112935409791882,1
105145,0.5637968780443181,1
105146,0.7823265240356724,1
105147,0.6768209433481218,1
105148,0.13665292991079298,0
105149,0.10376578501008912,0
105150,0.4870331709451837,1
105151,0.3915964407613703,0
105152,0.27294672617208815,0
105153,0.21450931257140043,0
105154,0.30530185505313023,0
105155,0.24471206594323613,0
105156,0.49678970939426076,1
105157,0.5534043553158579,1
105158,0.7010881719359353,1
105159,0.35154996229257063,0
105160,0.21462260315896867,0
105161,0.09271562103261775,0
105162,0.7578516246268924,1
105163,0.875912070423675,1
105164,0.3434877645400269,0
105165,0.20025509000783365,0
105166,0.48363335718974815,1
105167,0.37586439714447295,0
105168,0.25753886749136334,0
105169,0.22326132755517886,0
105170,0.6560937725341172,1
105171,0.6451699136812312,1
105172,0.4401287864794143,1
105173,0.7713566468449795,1
105174,0.44156540211071205,1
105175,0.3160507276186446,0
105176,0.15475867827389791,0
105177,0.3365237302780996,0
105178,0.3996746426451324,0
105179,0.6284574200969905,1
105180,0.45312444012792713,1
105181,0.7673754596921232,1
105182,0.5156549230213743,1
105183,0.6040605811644242,1
105184,0.6690444097180667,1
105185,0.6541378081268883,1
105186,0.58055092051395,1
105187,0.24467630708021987,0
105188,0.2891205280672715,0
105189,0.21595837062932585,0
105190,0.07487064273178859,0
105191,0.1415467309101132,0
105192,0.33080799838658276,0
105193,0.0712418481588839,0
105194,0.39404443604079886,0
105195,0.15248640413293799,0
105196,0.10963749354471837,0
105197,0.16342773621753603,0
105198,0.2192313579047251,0
105199,0.21420781028079336,0
105200,0.6121141323711073,1
105201,0.2740838659988298,0
105202,0.20393801826909497,0
105203,0.7502057885175433,1
105204,0.1570802496004186,0
105205,0.2718533896723001,0
105206,0.3176130949440878,0
105207,0.19387796259224552,0
105208,0.4500168485315477,1
105209,0.15224646106456585,0
105210,0.6894101482496703,1
105211,0.5682779276988132,1
105212,0.501775873502022,1
105213,0.6702381481001143,1
105214,0.2748662852758767,0
105215,0.5920132597992468,1
105216,0.3627880792052613,0
105217,0.6150807192040503,1
105218,0.33419536676197714,0
105219,0.16783814057888713,0
105220,0.6372360508952252,1
105221,0.6064658970583465,1
105222,0.2218924476611291,0
105223,0.24356020899803077,0
105224,0.36021663393957754,0
105225,0.1596958318326898,0
105226,0.21464359168634434,0
105227,0.22481760216940588,0
105228,0.5606761752201248,1
105229,0.1167852947437823,0
105230,0.782819323548406,1
105231,0.6323232129881894,1
105232,0.6607235225506172,1
105233,0.34919291895000504,0
105234,0.7057308039864566,1
105235,0.6417963421380743,1
105236,0.29710124624912976,0
105237,0.37494477409329285,0
105238,0.6675539543848397,1
105239,0.6451079180727888,1
105240,0.27991904088118774,0
105241,0.20546249497160055,0
105242,0.8105414638412318,1
105243,0.24855250868788442,0
105244,0.2905259508092498,0
105245,0.2258452825247162,0
105246,0.1773951516295635,0
105247,0.7573731757312954,1
105248,0.11846196549883864,0
105249,0.5082854452794687,1
105250,0.6237800863835632,1
105251,0.1913534667407447,0
105252,0.3718835666230772,0
105253,0.37600858968720424,0
105254,0.2468825180645888,0
105255,0.5756079414050176,1
105256,0.21949836713003915,0
105257,0.2278928557072724,0
105258,0.33930600527512733,0
105259,0.46095041559348593,1
105260,0.4756241888558086,1
105261,0.19938500850264054,0
105262,0.3819445415661339,0
105263,0.1485682157100657,0
105264,0.297568708058902,0
105265,0.6841399576636733,1
105266,0.38496116550315607,0
105267,0.7901892387022669,1
105268,0.39054967956768216,0
105269,0.664211708840904,1
105270,0.1318699240829804,0
105271,0.1488789261578579,0
105272,0.13410766240348262,0
105273,0.18593490100314253,0
105274,0.16230754641881778,0
105275,0.11088242474059848,0
105276,0.545598243707386,1
105277,0.1397415675300018,0
105278,0.405983316149704,0
105279,0.7641834006605535,1
105280,0.37009158486427185,0
105281,0.23905135652869924,0
105282,0.4738803611414074,1
105283,0.32984542875352024,0
105284,0.27978752792359646,0
105285,0.34627386620346495,0
105286,0.3545986741120337,0
105287,0.2145150216396161,0
105288,0.31260061499063596,0
105289,0.6146647036253868,1
105290,0.6532288384313105,1
105291,0.6907335126535316,1
105292,0.8414830630997236,1
105293,0.2844429373968474,0
105294,0.13816330626674186,0
105295,0.6860673130288033,1
105296,0.2530591980761319,0
105297,0.15685299288087648,0
105298,0.7233079161238092,1
105299,0.4954376412143664,1
105300,0.5253541416611789,1
105301,0.7197550034460725,1
105302,0.470716479932516,1
105303,0.5675217798660113,1
105304,0.19101432762147535,0
105305,0.38807763709345483,0
105306,0.21984978694206245,0
105307,0.5617523788387168,1
105308,0.33850200480256404,0
105309,0.2517948303717108,0
105310,0.608511784759702,1
105311,0.17475303503928205,0
105312,0.6350231589265509,1
105313,0.12172648048637384,0
105314,0.16725965069996443,0
105315,0.357069277522191,0
105316,0.6776952213704456,1
105317,0.14429900950908783,0
105318,0.7452691087022262,1
105319,0.4366013126324738,0
105320,0.1587065990819907,0
105321,0.15955730544458246,0
105322,0.20894502096726342,0
105323,0.2388304096942046,0
105324,0.5583812118151623,1
105325,0.5026001236643062,1
105326,0.3627734486303456,0
105327,0.5284143229225458,1
105328,0.2764260310087841,0
105329,0.2046038691919951,0
105330,0.3903274985510425,0
105331,0.2713244162453119,0
105332,0.17800620326583916,0
105333,0.48560251817667294,1
105334,0.380178118294062,0
105335,0.4490242689092884,1
105336,0.2790693739023655,0
105337,0.3210705904924046,0
105338,0.45343098739494064,1
105339,0.6805579200066886,1
105340,0.6466231754732185,1
105341,0.6312472805055978,1
105342,0.48637488049960487,1
105343,0.6003966282551556,1
105344,0.2202455780812513,0
105345,0.6905572547545633,1
105346,0.542105240510752,1
105347,0.46767999506700564,1
105348,0.3515320651713164,0
105349,0.4902508523884027,1
105350,0.7582000657363984,1
105351,0.6971791331535566,1
105352,0.6827928286569669,1
105353,0.1373945575906152,0
105354,0.7629990040053444,1
105355,0.6397029627455905,1
105356,0.3660851256949289,0
105357,0.3174734447581135,0
105358,0.692323348642613,1
105359,0.6886873016432222,1
105360,0.12219882725123944,0
105361,0.2321401495929572,0
105362,0.297721288671097,0
105363,0.44678295615438685,1
105364,0.11830258349947295,0
105365,0.5107968337099307,1
105366,0.22035109672779563,0
105367,0.7892900872351765,1
105368,0.7618447168209228,1
105369,0.20860029569528374,0
105370,0.2370690417497316,0
105371,0.17218991785805368,0
105372,0.5146818269217391,1
105373,0.34903961481911217,0
105374,0.775129437075681,1
105375,0.16642648124664672,0
105376,0.2674935552615096,0
105377,0.2710832050907674,0
105378,0.5806487070213385,1
105379,0.620248727519293,1
105380,0.3436498696619167,0
105381,0.10001061877530311,0
105382,0.22181801888569366,0
105383,0.3172652449820543,0
105384,0.2539918391546533,0
105385,0.2245159340789846,0
105386,0.34619850024716436,0
105387,0.44371087812747706,1
105388,0.3189981786182606,0
105389,0.3771926541665247,0
105390,0.4852305145120107,1
105391,0.49103069799087573,1
105392,0.589155891731099,1
105393,0.7035481154571399,1
105394,0.5578548965610742,1
105395,0.24332490545570712,0
105396,0.6499857491934151,1
105397,0.43636398898060025,0
105398,0.4106404361231197,0
105399,0.20174448608528445,0
105400,0.3582318378964702,0
105401,0.5624242971569003,1
105402,0.3078565677854877,0
105403,0.15128146386155583,0
105404,0.32461237090519746,0
105405,0.47084218350079976,1
105406,0.5666050232441221,1
105407,0.1314733333860581,0
105408,0.13434050880969842,0
105409,0.4498752040394669,1
105410,0.563904378204021,1
105411,0.1646754713439696,0
105412,0.16922305913262595,0
105413,0.16506771990724856,0
105414,0.4844007951021101,1
105415,0.51059440777245,1
105416,0.7431224787143824,1
105417,0.5458748404668513,1
105418,0.7256585916518645,1
105419,0.6143642445325542,1
105420,0.517641521762976,1
105421,0.43114526009649623,0
105422,0.5098501431116945,1
105423,0.43818814291436603,1
105424,0.19868726728661112,0
105425,0.06649585460659052,0
105426,0.2740117667351776,0
105427,0.6397460153222119,1
105428,0.25862358530414575,0
105429,0.49654871847476134,1
105430,0.35150821818725775,0
105431,0.7609587793500349,1
105432,0.7751799267623496,1
105433,0.24218791049044242,0
105434,0.4937270141572966,1
105435,0.5875364938354332,1
105436,0.3472510253770564,0
105437,0.30512277111823727,0
105438,0.5118364326170382,1
105439,0.41344151930182127,0
105440,0.5990694556841476,1
105441,0.1904141743392471,0
105442,0.12943691924475478,0
105443,0.11551980145493013,0
105444,0.7089236325765883,1
105445,0.10922708772889125,0
105446,0.3586908064576627,0
105447,0.5302902163047276,1
105448,0.5620720519066614,1
105449,0.4629886465797044,1
105450,0.08949032484196077,0
105451,0.7210643765473319,1
105452,0.1903901973063998,0
105453,0.43813408228324224,1
105454,0.4286315175923443,0
105455,0.48995935509822436,1
105456,0.5168036909352512,1
105457,0.25750823887846935,0
105458,0.6728151141413863,1
105459,0.24782594769128583,0
105460,0.6267124629125249,1
105461,0.6989228557906373,1
105462,0.41047358337896106,0
105463,0.5632951133130271,1
105464,0.7033208523974293,1
105465,0.4841273542810334,1
105466,0.5957248677181808,1
105467,0.7150658719241062,1
105468,0.4546136816250586,1
105469,0.5128149920682972,1
105470,0.6750976539828925,1
105471,0.6748108374260295,1
105472,0.6228300749243746,1
105473,0.2471650967297662,0
105474,0.3062431729199451,0
105475,0.7073251566543547,1
105476,0.17054731161430914,0
105477,0.47146459473460495,1
105478,0.1397717873995116,0
105479,0.27541884119160964,0
105480,0.3236717388403263,0
105481,0.12401814690950509,0
105482,0.7795683992516674,1
105483,0.4209608289218504,0
105484,0.4845639368471466,1
105485,0.23420689898340036,0
105486,0.08759350874425485,0
105487,0.7508726693294854,1
105488,0.4380195534412139,1
105489,0.5707103811538254,1
105490,0.47008474248947607,1
105491,0.28274005344904496,0
105492,0.127418069300517,0
105493,0.4577018632036946,1
105494,0.3253836867518418,0
105495,0.6953559817182228,1
105496,0.1060617191471481,0
105497,0.5283489518463005,1
105498,0.13113206560263097,0
105499,0.22269049619008394,0
105500,0.450294886716436,1
105501,0.5881064311798797,1
105502,0.5618328582873647,1
105503,0.5561794481684861,1
105504,0.5525568220319265,1
105505,0.1991115698358477,0
105506,0.3250806040182157,0
105507,0.4818054850210699,1
105508,0.32942122053036305,0
105509,0.529833519506302,1
105510,0.6332058454918629,1
105511,0.5707512179754152,1
105512,0.35667814646637896,0
105513,0.3270825544415279,0
105514,0.27700870148086054,0
105515,0.48539539553914457,1
105516,0.4331482549215612,0
105517,0.5557082035365309,1
105518,0.2378965025175337,0
105519,0.2980416296335122,0
105520,0.15535856111337254,0
105521,0.20903118344915922,0
105522,0.8123159281095105,1
105523,0.615617924320043,1
105524,0.6130632426636546,1
105525,0.19899340244177058,0
105526,0.3052912128144262,0
105527,0.15564538614427165,0
105528,0.7477413059348518,1
105529,0.5132636288790368,1
105530,0.7779484684982125,1
105531,0.17229941065393048,0
105532,0.4127270791368599,0
105533,0.13514805863842028,0
105534,0.3011065544369449,0
105535,0.6542543795996196,1
105536,0.5426077431365179,1
105537,0.42468093676586866,0
105538,0.259517284671708,0
105539,0.524344590856926,1
105540,0.4353604666234207,0
105541,0.741538809069607,1
105542,0.1788065111339629,0
105543,0.30532766707157477,0
105544,0.37769113500741935,0
105545,0.41910821893157224,0
105546,0.5043725703352807,1
105547,0.39042945305256554,0
105548,0.1922461805283495,0
105549,0.5430907414247907,1
105550,0.5544902603190917,1
105551,0.4471619164823701,1
105552,0.2800639509980248,0
105553,0.7597414145865663,1
105554,0.6952211319318727,1
105555,0.686526441806917,1
105556,0.338451171560208,0
105557,0.20206730157763295,0
105558,0.3027020597097752,0
105559,0.20219626568886723,0
105560,0.14237141856855354,0
105561,0.44272523788482887,1
105562,0.5334319535196902,1
105563,0.7138780085713627,1
105564,0.4372635057786301,0
105565,0.28403415967731543,0
105566,0.19618562285482433,0
105567,0.2438130984729308,0
105568,0.6362519625757683,1
105569,0.22865557648878654,0
105570,0.7304487358179435,1
105571,0.31995463823394854,0
105572,0.37212395050020985,0
105573,0.2649939567044224,0
105574,0.19329485736287502,0
105575,0.684443099742857,1
105576,0.2000046751534615,0
105577,0.6215515167009313,1
105578,0.2580241017281598,0
105579,0.21397690033332498,0
105580,0.6095505752023235,1
105581,0.8046109557455627,1
105582,0.30379366432239796,0
105583,0.2825465612589293,0
105584,0.1387465261992502,0
105585,0.28027150395053263,0
105586,0.7451545667835621,1
105587,0.7751545353893294,1
105588,0.6179288110119174,1
105589,0.30013420550889214,0
105590,0.1736525353984951,0
105591,0.2425138915178236,0
105592,0.6134795161584932,1
105593,0.19869038867466315,0
105594,0.23561921814615963,0
105595,0.17282578598384513,0
105596,0.3001541223166943,0
105597,0.2212581596506945,0
105598,0.35065982342143764,0
105599,0.27761876112933376,0
105600,0.6726402324368852,1
105601,0.5808430738626392,1
105602,0.38135256302884496,0
105603,0.4017323353471802,0
105604,0.26791782916410145,0
105605,0.18293047892816688,0
105606,0.3483198054578336,0
105607,0.7074556848333902,1
105608,0.18720038920830204,0
105609,0.39129431600398773,0
105610,0.30605397412786906,0
105611,0.21490938106397423,0
105612,0.11570560217125757,0
105613,0.38919604651919554,0
105614,0.1459579322249451,0
105615,0.6029035604701684,1
105616,0.17556379001323916,0
105617,0.2280104135981077,0
105618,0.2883988242995527,0
105619,0.27874591162243906,0
105620,0.8065815102238287,1
105621,0.5827423232801084,1
105622,0.17449821809584834,0
105623,0.6154212171997961,1
105624,0.5252200053680526,1
105625,0.4652744841505667,1
105626,0.15814326570786827,0
105627,0.41241948946654505,0
105628,0.5660639635800762,1
105629,0.21533908715827085,0
105630,0.7141315414168573,1
105631,0.5068951054832525,1
105632,0.2631404294168233,0
105633,0.09422601379266365,0
105634,0.6705425829802021,1
105635,0.7346573093608204,1
105636,0.5110692813148034,1
105637,0.06692024356343713,0
105638,0.17435460103584952,0
105639,0.4070080317531416,0
105640,0.16733577829899496,0
105641,0.6045193796314197,1
105642,0.7802270330638496,1
105643,0.5797230649322833,1
105644,0.23715419982342356,0
105645,0.30349466082451054,0
105646,0.37479753836521273,0
105647,0.593066338217599,1
105648,0.29828788933059674,0
105649,0.7048998135875832,1
105650,0.2640565638655795,0
105651,0.13681329180264074,0
105652,0.6300848463326004,1
105653,0.5164840610527232,1
105654,0.7227596444824167,1
105655,0.276800056791145,0
105656,0.5971027408373671,1
105657,0.6844367031204076,1
105658,0.32651808822521783,0
105659,0.228008229398788,0
105660,0.4959178053568929,1
105661,0.6517450827612611,1
105662,0.5977353417870914,1
105663,0.7262596343356116,1
105664,0.7048117710890349,1
105665,0.6897293594897687,1
105666,0.1308011879919148,0
105667,0.3324227275492668,0
105668,0.5039418874854473,1
105669,0.4030247298415115,0
105670,0.41943902988132076,0
105671,0.4885044498692466,1
105672,0.40116103336318876,0
105673,0.3963196461222856,0
105674,0.3458205541060867,0
105675,0.7032779811277354,1
105676,0.8428792731485211,1
105677,0.5553335625095767,1
105678,0.3522152479925805,0
105679,0.3027023376616887,0
105680,0.3605559122253573,0
105681,0.6112319468747776,1
105682,0.2536120102227198,0
105683,0.23247185359712305,0
105684,0.40974927138040523,0
105685,0.5661837952346641,1
105686,0.31926811482546547,0
105687,0.6534054059959026,1
105688,0.2064294796246487,0
105689,0.0920991637332223,0
105690,0.8296065173186037,1
105691,0.7179460111067394,1
105692,0.47160781881632763,1
105693,0.2569920280649997,0
105694,0.36544493814497386,0
105695,0.34417510939308155,0
105696,0.4110503037135823,0
105697,0.5471154890577016,1
105698,0.13758759065443293,0
105699,0.5115653720691197,1
105700,0.3179293737793902,0
105701,0.5246251626152789,1
105702,0.7304792814522127,1
105703,0.11901218418770873,0
105704,0.6642675633503095,1
105705,0.14421153804024545,0
105706,0.347129724922444,0
105707,0.1301311558976543,0
105708,0.4376181309690782,1
105709,0.3519925853904825,0
105710,0.37394955875525576,0
105711,0.17531090886712325,0
105712,0.24884807260435343,0
105713,0.21758672910367693,0
105714,0.26003821112792463,0
105715,0.6687420713472015,1
105716,0.601628358578619,1
105717,0.6772318767552428,1
105718,0.37361473170486525,0
105719,0.40904183718997855,0
105720,0.45782241454664463,1
105721,0.4467328854512552,1
105722,0.3283194310620212,0
105723,0.7799377255340185,1
105724,0.4496350258050472,1
105725,0.1714601914507802,0
105726,0.2785361531419696,0
105727,0.8044023549491484,1
105728,0.41463409634413423,0
105729,0.6245268779187492,1
105730,0.33861232714288875,0
105731,0.5242332829153069,1
105732,0.7516004321751387,1
105733,0.19587646941137524,0
105734,0.35567290000899526,0
105735,0.1569012925074272,0
105736,0.31426139318720003,0
105737,0.3600415089751196,0
105738,0.11729682649235476,0
105739,0.6930022963748479,1
105740,0.20770307366013974,0
105741,0.5232915000088285,1
105742,0.2846426789287803,0
105743,0.10980736032188954,0
105744,0.6328674278073124,1
105745,0.47766656094939136,1
105746,0.7456574287264974,1
105747,0.5624123750337167,1
105748,0.4604492291674599,1
105749,0.6904827136549161,1
105750,0.29182502932078547,0
105751,0.19808135023032766,0
105752,0.3316972406558404,0
105753,0.4460186295033614,1
105754,0.1421008409115728,0
105755,0.7086750102051962,1
105756,0.3234337516376008,0
105757,0.20698453268988196,0
105758,0.25633871842882316,0
105759,0.3336351858704841,0
105760,0.3053704403176047,0
105761,0.6172161481034751,1
105762,0.6441177551093806,1
105763,0.3882748270690588,0
105764,0.18665475699543727,0
105765,0.5884961721791984,1
105766,0.4452059887307941,1
105767,0.6922758008612628,1
105768,0.6803584246671244,1
105769,0.41570555764435635,0
105770,0.27288630285697923,0
105771,0.30788009776934033,0
105772,0.4342551572436752,0
105773,0.42147953829450713,0
105774,0.35741404035379104,0
105775,0.3401636147964416,0
105776,0.24578094508958662,0
105777,0.6266774853421552,1
105778,0.6638243352330255,1
105779,0.3017449117940702,0
105780,0.10621640560878207,0
105781,0.8429383661047091,1
105782,0.25616878373104385,0
105783,0.6875820084838487,1
105784,0.6223195437917176,1
105785,0.5184727982215714,1
105786,0.10391134366561874,0
105787,0.1104302738832513,0
105788,0.3046391663323157,0
105789,0.8031399125991143,1
105790,0.23840540905913044,0
105791,0.24154178453852718,0
105792,0.6675464256988991,1
105793,0.38568317137369734,0
105794,0.5516795313272794,1
105795,0.6611705679232902,1
105796,0.16816128427074178,0
105797,0.3482362583577117,0
105798,0.4570037389791739,1
105799,0.3684227788773252,0
105800,0.3805818242987686,0
105801,0.3706583859842607,0
105802,0.07754855888683536,0
105803,0.6012096127487015,1
105804,0.47827841791146625,1
105805,0.21880283686698976,0
105806,0.35034057983821687,0
105807,0.23885855126316435,0
105808,0.26718518357863774,0
105809,0.5367760440105116,1
105810,0.12056486683608145,0
105811,0.5901290979045916,1
105812,0.6392684003793558,1
105813,0.18410294494490786,0
105814,0.8406995572469116,1
105815,0.7391186779316569,1
105816,0.38624589558216793,0
105817,0.3110722929071821,0
105818,0.15583667922283004,0
105819,0.5840616156129905,1
105820,0.739589833603882,1
105821,0.14962266988929424,0
105822,0.27451720917204636,0
105823,0.41918757382604716,0
105824,0.6395056605889354,1
105825,0.6676647043164698,1
105826,0.17102980476875929,0
105827,0.47439390412093047,1
105828,0.5070072804342554,1
105829,0.180438561689017,0
105830,0.2752991839405058,0
105831,0.12881244931849029,0
105832,0.4813592215313065,1
105833,0.4083361179746535,0
105834,0.707434553141695,1
105835,0.6701418958721721,1
105836,0.28745045783223794,0
105837,0.7498261528548356,1
105838,0.4310897849480098,0
105839,0.17470717788219575,0
105840,0.4303775397039783,0
105841,0.2793230317043933,0
105842,0.5576145981313478,1
105843,0.7132590250295789,1
105844,0.4413284866313706,1
105845,0.650706482411362,1
105846,0.7140610936756834,1
105847,0.11177467694479394,0
105848,0.7972412751761482,1
105849,0.7369072503371394,1
105850,0.2832277213671204,0
105851,0.0957765024354634,0
105852,0.7949350636635271,1
105853,0.6951258479435303,1
105854,0.6655350014456074,1
105855,0.4460328116437179,1
105856,0.7845433511463954,1
105857,0.17482222710849768,0
105858,0.1378603334082963,0
105859,0.5481120383318137,1
105860,0.5868592875306844,1
105861,0.7284011946704728,1
105862,0.6866766838704474,1
105863,0.7328177932451314,1
105864,0.6665567130735912,1
105865,0.19517664900885487,0
105866,0.18941621405203093,0
105867,0.15030368368287333,0
105868,0.08545331141907947,0
105869,0.3239965120081489,0
105870,0.1400166204998063,0
105871,0.10553165669825847,0
105872,0.21931427289287167,0
105873,0.35517509065578057,0
105874,0.6933966860575196,1
105875,0.2729345734699198,0
105876,0.22905335191929974,0
105877,0.6680999711957472,1
105878,0.3983137818742215,0
105879,0.2038586303913253,0
105880,0.2504746728500348,0
105881,0.14900323255675543,0
105882,0.2982877247072195,0
105883,0.2723480116655738,0
105884,0.6483528482924485,1
105885,0.3150266257429196,0
105886,0.26461850404408005,0
105887,0.5010128734457258,1
105888,0.23724916368372667,0
105889,0.4218554467759481,0
105890,0.7654143633739855,1
105891,0.45719698452389934,1
105892,0.6893522926871818,1
105893,0.5963432036334648,1
105894,0.667370968627805,1
105895,0.34153315610342827,0
105896,0.5471801225798021,1
105897,0.13015533510464677,0
105898,0.5088757876616192,1
105899,0.6549294858255161,1
105900,0.3437651139257146,0
105901,0.3324933301403324,0
105902,0.5452580592368671,1
105903,0.5088665662231711,1
105904,0.5846322736027398,1
105905,0.23955230387395082,0
105906,0.7023076522862446,1
105907,0.32407925672331733,0
105908,0.6622314810573847,1
105909,0.40432163667399723,0
105910,0.2828019073224632,0
105911,0.5006428185670065,1
105912,0.3305503480077882,0
105913,0.26882557871462287,0
105914,0.3049928874374102,0
105915,0.4073916974044299,0
105916,0.5731733371048503,1
105917,0.4369667154048714,0
105918,0.10635880955618665,0
105919,0.5342292562339124,1
105920,0.7424022997691225,1
105921,0.6137151050901865,1
105922,0.696236786828555,1
105923,0.18503972538489227,0
105924,0.6434033326486296,1
105925,0.3434280406065354,0
105926,0.09691806693016462,0
105927,0.37897768297649614,0
105928,0.5267750507218906,1
105929,0.2852312479875293,0
105930,0.36306492373553295,0
105931,0.6166790077192122,1
105932,0.2431907423942738,0
105933,0.19675909805950145,0
105934,0.2494446857984891,0
105935,0.45761341542041717,1
105936,0.662937607001537,1
105937,0.552659613263808,1
105938,0.2940336487893287,0
105939,0.14195007163346038,0
105940,0.6497220649662623,1
105941,0.7725930147270992,1
105942,0.1434185098687882,0
105943,0.7016737922520533,1
105944,0.4549566827681636,1
105945,0.5827310772304033,1
105946,0.6030741637224534,1
105947,0.5189320521521927,1
105948,0.11515104880750308,0
105949,0.1754197969457345,0
105950,0.2651172104689752,0
105951,0.3762681943168426,0
105952,0.6584893189937532,1
105953,0.22278047952029145,0
105954,0.2539345977915168,0
105955,0.3023670167535725,0
105956,0.33870829345521397,0
105957,0.35299945763193075,0
105958,0.5343745724147062,1
105959,0.34040793845877076,0
105960,0.7961231720523648,1
105961,0.686813948612476,1
105962,0.302789127279829,0
105963,0.5277654734215241,1
105964,0.10604874699424835,0
105965,0.3476357938190923,0
105966,0.6097569775772815,1
105967,0.4515325130538446,1
105968,0.5046652643390247,1
105969,0.37949962182516744,0
105970,0.5905257059266165,1
105971,0.8200908443674622,1
105972,0.5164846438129622,1
105973,0.4998266097653132,1
105974,0.3937632753026795,0
105975,0.5665763113523101,1
105976,0.55342359385067,1
105977,0.33461422754351494,0
105978,0.5368712282427511,1
105979,0.22455209170558987,0
105980,0.5839229238703052,1
105981,0.47004096078020535,1
105982,0.24454661858632856,0
105983,0.30470429166091495,0
105984,0.15840907356216935,0
105985,0.24270875586799343,0
105986,0.12151108912677565,0
105987,0.14515303603885787,0
105988,0.1730927234558315,0
105989,0.48644557927240006,1
105990,0.2800744105879909,0
105991,0.25758987873611466,0
105992,0.15541330814919785,0
105993,0.26705839113052354,0
105994,0.4243408164786909,0
105995,0.44134373805902916,1
105996,0.4641192447355246,1
105997,0.33569785074388747,0
105998,0.7121056457315721,1
105999,0.711194817677867,1
106000,0.7334873444541266,1
