public_f1,threshold,accuracy,precision,recall,positive_predictions,model
0.5641476274165202,0.44250857967811685,0.6693333333333333,0.4618705035971223,0.7246049661399548,1390,blend_logreg_0.765_tabicl_0.235_tabpfn_0.000
0.5641476274165202,0.4415790839963382,0.6693333333333333,0.4618705035971223,0.7246049661399548,1390,blend_logreg_0.760_tabicl_0.240_tabpfn_0.000
0.5641476274165202,0.44050884460237216,0.6693333333333333,0.4618705035971223,0.7246049661399548,1390,blend_logreg_0.755_tabicl_0.245_tabpfn_0.000
0.5641476274165202,0.44343807535989554,0.6693333333333333,0.4618705035971223,0.7246049661399548,1390,blend_logreg_0.770_tabicl_0.230_tabpfn_0.000
0.5640350877192982,0.4379000483942174,0.6686666666666666,0.4612625538020086,0.7257336343115124,1394,blend_logreg_0.745_tabicl_0.255_tabpfn_0.000
0.5640350877192982,0.43711488799506304,0.6686666666666666,0.4612625538020086,0.7257336343115124,1394,blend_logreg_0.740_tabicl_0.260_tabpfn_0.000
0.5638998682476943,0.4355148399315705,0.669,0.46153846153846156,0.7246049661399548,1391,blend_logreg_0.728_tabicl_0.262_tabpfn_0.010
0.5638998682476943,0.43616836956913047,0.669,0.46153846153846156,0.7246049661399548,1391,blend_logreg_0.733_tabicl_0.257_tabpfn_0.010
0.5638998682476943,0.4410315205171724,0.669,0.46153846153846156,0.7246049661399548,1391,blend_logreg_0.757_tabicl_0.233_tabpfn_0.010
0.5638998682476943,0.43459463920660957,0.669,0.46153846153846156,0.7246049661399548,1391,blend_logreg_0.723_tabicl_0.267_tabpfn_0.010
0.5638998682476943,0.4349852089674221,0.669,0.46153846153846156,0.7246049661399548,1391,blend_logreg_0.725_tabicl_0.255_tabpfn_0.020
0.5638998682476943,0.4340452671064889,0.669,0.46153846153846156,0.7246049661399548,1391,blend_logreg_0.720_tabicl_0.260_tabpfn_0.020
0.5638998682476943,0.441824617486033,0.669,0.46153846153846156,0.7246049661399548,1391,blend_logreg_0.762_tabicl_0.228_tabpfn_0.010
0.5638998682476943,0.43680301194746024,0.669,0.46153846153846156,0.7246049661399548,1391,blend_logreg_0.735_tabicl_0.265_tabpfn_0.000
0.5638998682476943,0.43937752573326916,0.669,0.46153846153846156,0.7246049661399548,1391,blend_logreg_0.750_tabicl_0.250_tabpfn_0.000
0.5638998682476943,0.4441978210947089,0.669,0.46153846153846156,0.7246049661399548,1391,blend_logreg_0.775_tabicl_0.225_tabpfn_0.000
0.5638998682476943,0.43600210990566624,0.669,0.46153846153846156,0.7246049661399548,1391,blend_logreg_0.730_tabicl_0.270_tabpfn_0.000
0.5637878123629987,0.43655149779552443,0.6683333333333333,0.46093189964157705,0.7257336343115124,1395,blend_logreg_0.738_tabicl_0.252_tabpfn_0.010
0.5636523266022827,0.43347731548620233,0.6686666666666666,0.46120689655172414,0.7246049661399548,1392,blend_logreg_0.718_tabicl_0.272_tabpfn_0.010
0.5636523266022827,0.43991151483676044,0.6686666666666666,0.46120689655172414,0.7246049661399548,1392,blend_logreg_0.752_tabicl_0.238_tabpfn_0.010
0.5636523266022827,0.43433411104239084,0.6686666666666666,0.46120689655172414,0.7246049661399548,1392,blend_logreg_0.723_tabicl_0.247_tabpfn_0.030
0.5636523266022827,0.43282653298580925,0.6686666666666666,0.46120689655172414,0.7246049661399548,1392,blend_logreg_0.715_tabicl_0.265_tabpfn_0.020
0.5636523266022827,0.4387915091563484,0.6686666666666666,0.46120689655172414,0.7246049661399548,1392,blend_logreg_0.747_tabicl_0.243_tabpfn_0.010
0.5636523266022827,0.4425577005281248,0.6686666666666666,0.46120689655172414,0.7246049661399548,1392,blend_logreg_0.767_tabicl_0.223_tabpfn_0.010
0.5635407537248028,0.43725443565142,0.668,0.46060171919770776,0.7257336343115124,1396,blend_logreg_0.743_tabicl_0.247_tabpfn_0.010
0.5635407537248028,0.435356838264301,0.668,0.46060171919770776,0.7257336343115124,1396,blend_logreg_0.732_tabicl_0.238_tabpfn_0.030
0.5635407537248028,0.4359654812186037,0.668,0.46060171919770776,0.7257336343115124,1396,blend_logreg_0.735_tabicl_0.245_tabpfn_0.020
0.5634050021939447,0.44329078357021656,0.6683333333333333,0.46087580760947594,0.7246049661399548,1393,blend_logreg_0.772_tabicl_0.218_tabpfn_0.010
0.5634050021939447,0.4333571764187281,0.6683333333333333,0.46087580760947594,0.7246049661399548,1393,blend_logreg_0.718_tabicl_0.252_tabpfn_0.030
0.5634050021939447,0.4341032258616836,0.6683333333333333,0.46087580760947594,0.7246049661399548,1393,blend_logreg_0.720_tabicl_0.280_tabpfn_0.000
0.5634050021939447,0.43285961961609204,0.6683333333333333,0.46087580760947594,0.7246049661399548,1393,blend_logreg_0.715_tabicl_0.285_tabpfn_0.000
0.5634050021939447,0.4350726142238876,0.6683333333333333,0.46087580760947594,0.7246049661399548,1393,blend_logreg_0.725_tabicl_0.275_tabpfn_0.000
0.5634050021939447,0.4448065865165591,0.6683333333333333,0.46087580760947594,0.7246049661399548,1393,blend_logreg_0.780_tabicl_0.220_tabpfn_0.000
0.5634050021939447,0.43552275682633307,0.6683333333333333,0.46087580760947594,0.7246049661399548,1393,blend_logreg_0.730_tabicl_0.250_tabpfn_0.020
0.5634050021939447,0.43818286620204566,0.6683333333333333,0.46087580760947594,0.7246049661399548,1393,blend_logreg_0.745_tabicl_0.235_tabpfn_0.020
0.5634050021939447,0.4370741737103247,0.6683333333333333,0.46087580760947594,0.7246049661399548,1393,blend_logreg_0.740_tabicl_0.240_tabpfn_0.020
0.5632939115199299,0.434259458961271,0.6676666666666666,0.4602720114531138,0.7257336343115124,1397,blend_logreg_0.728_tabicl_0.242_tabpfn_0.030
0.5632939115199299,0.43472519774177903,0.6676666666666666,0.4602720114531138,0.7257336343115124,1397,blend_logreg_0.730_tabicl_0.230_tabpfn_0.040
0.5632688927943761,0.43227626273940983,0.6686666666666666,0.4611510791366906,0.7234762979683973,1390,blend_logreg_0.711_tabicl_0.269_tabpfn_0.020
0.5631578947368421,0.4400243109457701,0.668,0.460545193687231,0.7246049661399548,1394,blend_logreg_0.755_tabicl_0.225_tabpfn_0.020
0.5631578947368421,0.4392915586937666,0.668,0.460545193687231,0.7246049661399548,1394,blend_logreg_0.750_tabicl_0.230_tabpfn_0.020
0.5631578947368421,0.4407499891086488,0.668,0.460545193687231,0.7246049661399548,1394,blend_logreg_0.760_tabicl_0.220_tabpfn_0.020
0.5631578947368421,0.43645421756733094,0.668,0.460545193687231,0.7246049661399548,1394,blend_logreg_0.737_tabicl_0.233_tabpfn_0.030
0.5631578947368421,0.43215087836050436,0.668,0.460545193687231,0.7246049661399548,1394,blend_logreg_0.713_tabicl_0.257_tabpfn_0.030
0.5631578947368421,0.44400701871902515,0.668,0.460545193687231,0.7246049661399548,1394,blend_logreg_0.777_tabicl_0.213_tabpfn_0.010
0.5631578947368421,0.4322461453030667,0.668,0.460545193687231,0.7246049661399548,1394,blend_logreg_0.713_tabicl_0.277_tabpfn_0.010
0.5631578947368421,0.4316160133705006,0.668,0.460545193687231,0.7246049661399548,1394,blend_logreg_0.710_tabicl_0.290_tabpfn_0.000
0.5631578947368421,0.4326442136060555,0.668,0.460545193687231,0.7246049661399548,1394,blend_logreg_0.715_tabicl_0.245_tabpfn_0.040
0.5631578947368421,0.4335802242474337,0.668,0.460545193687231,0.7246049661399548,1394,blend_logreg_0.720_tabicl_0.240_tabpfn_0.040
0.5631578947368421,0.43750573112184143,0.668,0.460545193687231,0.7246049661399548,1394,blend_logreg_0.742_tabicl_0.228_tabpfn_0.030
0.5631578947368421,0.4454153519384093,0.668,0.460545193687231,0.7246049661399548,1394,blend_logreg_0.785_tabicl_0.215_tabpfn_0.000
0.5631324241091069,0.4311385844003818,0.669,0.46142754145638065,0.7223476297968398,1387,blend_logreg_0.698_tabicl_0.292_tabpfn_0.010
0.5630983463881636,0.4424625829099662,0.6653333333333333,0.45821529745042494,0.7302483069977427,1412,blend_logreg_0.794_tabicl_0.186_tabpfn_0.020
0.5630983463881636,0.44178298851587194,0.6653333333333333,0.45821529745042494,0.7302483069977427,1412,blend_logreg_0.791_tabicl_0.179_tabpfn_0.030
0.5630472854640981,0.43192216737225353,0.6673333333333333,0.45994277539341916,0.7257336343115124,1398,blend_logreg_0.717_tabicl_0.233_tabpfn_0.050
0.5630472854640981,0.43363950281827723,0.6673333333333333,0.45994277539341916,0.7257336343115124,1398,blend_logreg_0.725_tabicl_0.235_tabpfn_0.040
0.5630472854640981,0.43299692029790143,0.6673333333333333,0.45994277539341916,0.7257336343115124,1398,blend_logreg_0.722_tabicl_0.228_tabpfn_0.050
0.5630215195432586,0.4420020953862279,0.6683333333333333,0.4608195542774982,0.7234762979683973,1391,blend_logreg_0.764_tabicl_0.216_tabpfn_0.020
0.5630215195432586,0.43087808699717095,0.6683333333333333,0.4608195542774982,0.7234762979683973,1391,blend_logreg_0.703_tabicl_0.267_tabpfn_0.030
0.5630215195432586,0.4299764761858456,0.6683333333333333,0.4608195542774982,0.7234762979683973,1391,blend_logreg_0.698_tabicl_0.272_tabpfn_0.030
0.5630215195432586,0.43136535697126677,0.6683333333333333,0.4608195542774982,0.7234762979683973,1391,blend_logreg_0.706_tabicl_0.274_tabpfn_0.020
0.5630215195432586,0.4405998498210623,0.6683333333333333,0.4608195542774982,0.7234762979683973,1391,blend_logreg_0.757_tabicl_0.213_tabpfn_0.030
0.5630215195432586,0.42907486537452033,0.6683333333333333,0.4608195542774982,0.7234762979683973,1391,blend_logreg_0.694_tabicl_0.276_tabpfn_0.030
0.5629955947136563,0.447405408822325,0.6693333333333333,0.46170520231213874,0.7212189616252822,1384,blend_logreg_0.786_tabicl_0.184_tabpfn_0.030
0.5629955947136563,0.4466722961903443,0.6693333333333333,0.46170520231213874,0.7212189616252822,1384,blend_logreg_0.782_tabicl_0.178_tabpfn_0.040
0.5629955947136563,0.44770720816560794,0.6693333333333333,0.46170520231213874,0.7212189616252822,1384,blend_logreg_0.787_tabicl_0.173_tabpfn_0.040
0.5629110039456379,0.4310149751199311,0.6676666666666666,0.46021505376344085,0.7246049661399548,1395,blend_logreg_0.708_tabicl_0.282_tabpfn_0.010
0.5629110039456379,0.4446096964866569,0.6676666666666666,0.46021505376344085,0.7246049661399548,1395,blend_logreg_0.782_tabicl_0.208_tabpfn_0.010
0.5629110039456379,0.4460241173602595,0.6676666666666666,0.46021505376344085,0.7246049661399548,1395,blend_logreg_0.790_tabicl_0.210_tabpfn_0.000
0.5629110039456379,0.4314503516102876,0.6676666666666666,0.46021505376344085,0.7246049661399548,1395,blend_logreg_0.710_tabicl_0.250_tabpfn_0.040
0.5628847845206685,0.43211313933633616,0.6686666666666666,0.4610951008645533,0.7223476297968398,1388,blend_logreg_0.703_tabicl_0.287_tabpfn_0.010
0.5628847845206685,0.42850761978116325,0.6686666666666666,0.4610951008645533,0.7223476297968398,1388,blend_logreg_0.686_tabicl_0.294_tabpfn_0.020
0.5628847845206685,0.42895543729390373,0.6686666666666666,0.4610951008645533,0.7223476297968398,1388,blend_logreg_0.688_tabicl_0.302_tabpfn_0.010
0.5628847845206685,0.43011013712586904,0.6686666666666666,0.4610951008645533,0.7223476297968398,1388,blend_logreg_0.693_tabicl_0.297_tabpfn_0.010
0.5628847845206685,0.4304612712622317,0.6686666666666666,0.4610951008645533,0.7223476297968398,1388,blend_logreg_0.696_tabicl_0.284_tabpfn_0.020
0.5628847845206685,0.43263906758572523,0.6686666666666666,0.4610951008645533,0.7223476297968398,1388,blend_logreg_0.705_tabicl_0.295_tabpfn_0.000
0.5628847845206685,0.43054629100394315,0.6686666666666666,0.4610951008645533,0.7223476297968398,1388,blend_logreg_0.695_tabicl_0.305_tabpfn_0.000
0.5628847845206685,0.4294965603155294,0.6686666666666666,0.4610951008645533,0.7223476297968398,1388,blend_logreg_0.691_tabicl_0.289_tabpfn_0.020
0.5628847845206685,0.4316771844893497,0.6686666666666666,0.4610951008645533,0.7223476297968398,1388,blend_logreg_0.700_tabicl_0.300_tabpfn_0.000
0.5628534145280557,0.4429368496840332,0.665,0.4578910120311394,0.7302483069977427,1413,blend_logreg_0.797_tabicl_0.193_tabpfn_0.010
0.5628534145280557,0.44446171543841734,0.665,0.4578910120311394,0.7302483069977427,1413,blend_logreg_0.805_tabicl_0.195_tabpfn_0.000
0.5628534145280557,0.4437708321451575,0.665,0.4578910120311394,0.7302483069977427,1413,blend_logreg_0.802_tabicl_0.188_tabpfn_0.010
0.5628534145280557,0.4423150511925492,0.665,0.4578910120311394,0.7302483069977427,1413,blend_logreg_0.795_tabicl_0.175_tabpfn_0.030
0.5628534145280557,0.44304842685108714,0.665,0.4578910120311394,0.7302483069977427,1413,blend_logreg_0.799_tabicl_0.181_tabpfn_0.020
0.5628534145280557,0.43897948769925155,0.665,0.4578910120311394,0.7302483069977427,1413,blend_logreg_0.776_tabicl_0.164_tabpfn_0.060
0.562800875273523,0.43391992779974164,0.667,0.45961401000714797,0.7257336343115124,1399,blend_logreg_0.727_tabicl_0.223_tabpfn_0.050
0.562800875273523,0.4561764177150512,0.667,0.45961401000714797,0.7257336343115124,1399,blend_logreg_0.855_tabicl_0.145_tabpfn_0.000
0.562800875273523,0.45399175492456334,0.667,0.45961401000714797,0.7257336343115124,1399,blend_logreg_0.840_tabicl_0.160_tabpfn_0.000
0.562800875273523,0.45473224284586816,0.667,0.45961401000714797,0.7257336343115124,1399,blend_logreg_0.845_tabicl_0.155_tabpfn_0.000
0.562800875273523,0.455472730767173,0.667,0.45961401000714797,0.7257336343115124,1399,blend_logreg_0.850_tabicl_0.150_tabpfn_0.000
0.562800875273523,0.4312682716631866,0.667,0.45961401000714797,0.7257336343115124,1399,blend_logreg_0.714_tabicl_0.226_tabpfn_0.060
0.562800875273523,0.4345622810355547,0.667,0.45961401000714797,0.7257336343115124,1399,blend_logreg_0.732_tabicl_0.218_tabpfn_0.050
0.562800875273523,0.43525177523622244,0.667,0.45961401000714797,0.7257336343115124,1399,blend_logreg_0.734_tabicl_0.226_tabpfn_0.040
0.5627743634767339,0.42947991125493207,0.668,0.46048850574712646,0.7234762979683973,1392,blend_logreg_0.696_tabicl_0.264_tabpfn_0.040
0.5627743634767339,0.4304544512031237,0.668,0.46048850574712646,0.7234762979683973,1392,blend_logreg_0.701_tabicl_0.279_tabpfn_0.020
0.5627743634767339,0.43037222710943956,0.668,0.46048850574712646,0.7234762979683973,1392,blend_logreg_0.701_tabicl_0.259_tabpfn_0.040
0.5627743634767339,0.4268029636914096,0.668,0.46048850574712646,0.7234762979683973,1392,blend_logreg_0.682_tabicl_0.278_tabpfn_0.040
0.5627743634767339,0.4249890165942652,0.668,0.46048850574712646,0.7234762979683973,1392,blend_logreg_0.671_tabicl_0.309_tabpfn_0.020
0.5627743634767339,0.42817325456319505,0.668,0.46048850574712646,0.7234762979683973,1392,blend_logreg_0.689_tabicl_0.281_tabpfn_0.030
0.5627743634767339,0.42858759540042457,0.668,0.46048850574712646,0.7234762979683973,1392,blend_logreg_0.691_tabicl_0.269_tabpfn_0.040
0.5627743634767339,0.43177969780849623,0.668,0.46048850574712646,0.7234762979683973,1392,blend_logreg_0.708_tabicl_0.262_tabpfn_0.030
0.5627743634767339,0.42631283268196174,0.668,0.46048850574712646,0.7234762979683973,1392,blend_logreg_0.678_tabicl_0.312_tabpfn_0.010
0.5627743634767339,0.4312645429639471,0.668,0.46048850574712646,0.7234762979683973,1392,blend_logreg_0.706_tabicl_0.254_tabpfn_0.040
0.5627743634767339,0.42808173551269313,0.668,0.46048850574712646,0.7234762979683973,1392,blend_logreg_0.689_tabicl_0.261_tabpfn_0.050
0.5627476882430648,0.4484764910270553,0.669,0.46137184115523466,0.7212189616252822,1385,blend_logreg_0.792_tabicl_0.168_tabpfn_0.040
0.5627476882430648,0.44785686561420923,0.669,0.46137184115523466,0.7212189616252822,1385,blend_logreg_0.789_tabicl_0.191_tabpfn_0.020
0.5627476882430648,0.44794996253462505,0.669,0.46137184115523466,0.7212189616252822,1385,blend_logreg_0.789_tabicl_0.161_tabpfn_0.050
0.5627476882430648,0.4482922956798133,0.669,0.46137184115523466,0.7212189616252822,1385,blend_logreg_0.792_tabicl_0.198_tabpfn_0.010
0.5627476882430648,0.44558623007600534,0.669,0.46137184115523466,0.7212189616252822,1385,blend_logreg_0.778_tabicl_0.182_tabpfn_0.040
0.5627177700348432,0.4510271018672342,0.6653333333333333,0.4581560283687943,0.7291196388261851,1410,blend_logreg_0.842_tabicl_0.148_tabpfn_0.010
0.5627177700348432,0.4502557786531133,0.6653333333333333,0.4581560283687943,0.7291196388261851,1410,blend_logreg_0.838_tabicl_0.142_tabpfn_0.020
0.5627177700348432,0.4518168075169205,0.6653333333333333,0.4581560283687943,0.7291196388261851,1410,blend_logreg_0.846_tabicl_0.144_tabpfn_0.010
0.5627177700348432,0.4402086221117542,0.6653333333333333,0.4581560283687943,0.7291196388261851,1410,blend_logreg_0.780_tabicl_0.160_tabpfn_0.060
0.5626643295354952,0.42226821987793495,0.6673333333333333,0.45988538681948427,0.7246049661399548,1396,blend_logreg_0.660_tabicl_0.340_tabpfn_0.000
0.5626643295354952,0.44437837992304235,0.6673333333333333,0.45988538681948427,0.7246049661399548,1396,blend_logreg_0.784_tabicl_0.196_tabpfn_0.020
0.5626643295354952,0.4389422776891728,0.6673333333333333,0.45988538681948427,0.7246049661399548,1396,blend_logreg_0.752_tabicl_0.218_tabpfn_0.030
0.5626643295354952,0.4230659023523655,0.6673333333333333,0.45988538681948427,0.7246049661399548,1396,blend_logreg_0.665_tabicl_0.335_tabpfn_0.000
0.5626643295354952,0.42121538327089036,0.6673333333333333,0.45988538681948427,0.7246049661399548,1396,blend_logreg_0.655_tabicl_0.345_tabpfn_0.000
0.5626643295354952,0.42180799282884185,0.6673333333333333,0.45988538681948427,0.7246049661399548,1396,blend_logreg_0.658_tabicl_0.332_tabpfn_0.010
0.5626643295354952,0.4208725384701468,0.6673333333333333,0.45988538681948427,0.7246049661399548,1396,blend_logreg_0.653_tabicl_0.337_tabpfn_0.010
0.5626643295354952,0.44521237425428856,0.6673333333333333,0.45988538681948427,0.7246049661399548,1396,blend_logreg_0.787_tabicl_0.203_tabpfn_0.010
0.5626643295354952,0.43822400440550713,0.6673333333333333,0.45988538681948427,0.7246049661399548,1396,blend_logreg_0.747_tabicl_0.223_tabpfn_0.030
0.5626643295354952,0.43180953722402293,0.6673333333333333,0.45988538681948427,0.7246049661399548,1396,blend_logreg_0.713_tabicl_0.237_tabpfn_0.050
0.5626643295354952,0.44365270176016364,0.6673333333333333,0.45988538681948427,0.7246049661399548,1396,blend_logreg_0.779_tabicl_0.201_tabpfn_0.020
0.5626643295354952,0.4205063664000705,0.6673333333333333,0.45988538681948427,0.7246049661399548,1396,blend_logreg_0.652_tabicl_0.328_tabpfn_0.020
0.5626643295354952,0.43072495273515904,0.6673333333333333,0.45988538681948427,0.7246049661399548,1396,blend_logreg_0.708_tabicl_0.242_tabpfn_0.050
0.5626373626373626,0.44901504945056747,0.6683333333333333,0.4607631389488841,0.7223476297968398,1389,blend_logreg_0.800_tabicl_0.200_tabpfn_0.000
0.5626373626373626,0.42821356407068,0.6683333333333333,0.4607631389488841,0.7223476297968398,1389,blend_logreg_0.685_tabicl_0.315_tabpfn_0.000
0.5626373626373626,0.44808555376878884,0.6683333333333333,0.4607631389488841,0.7223476297968398,1389,blend_logreg_0.795_tabicl_0.205_tabpfn_0.000
0.5626373626373626,0.4476529823513809,0.6683333333333333,0.4607631389488841,0.7223476297968398,1389,blend_logreg_0.794_tabicl_0.146_tabpfn_0.060
0.5626373626373626,0.4278545362306771,0.6683333333333333,0.4607631389488841,0.7223476297968398,1389,blend_logreg_0.684_tabicl_0.286_tabpfn_0.030
0.5626373626373626,0.4273645835838643,0.6683333333333333,0.4607631389488841,0.7223476297968398,1389,blend_logreg_0.681_tabicl_0.299_tabpfn_0.020
0.5626373626373626,0.45180353649590344,0.6683333333333333,0.4607631389488841,0.7223476297968398,1389,blend_logreg_0.815_tabicl_0.185_tabpfn_0.000
0.5626373626373626,0.45207845298086613,0.6683333333333333,0.4607631389488841,0.7223476297968398,1389,blend_logreg_0.817_tabicl_0.173_tabpfn_0.010
0.5626373626373626,0.4502380515309444,0.6683333333333333,0.4607631389488841,0.7223476297968398,1389,blend_logreg_0.807_tabicl_0.183_tabpfn_0.010
0.5626373626373626,0.4511582522559052,0.6683333333333333,0.4607631389488841,0.7223476297968398,1389,blend_logreg_0.812_tabicl_0.178_tabpfn_0.010
0.5626373626373626,0.4508740408141248,0.6683333333333333,0.4607631389488841,0.7223476297968398,1389,blend_logreg_0.810_tabicl_0.190_tabpfn_0.000
0.5626373626373626,0.45015725795493633,0.6683333333333333,0.4607631389488841,0.7223476297968398,1389,blend_logreg_0.808_tabicl_0.142_tabpfn_0.050
0.5626373626373626,0.4492742370572466,0.6683333333333333,0.4607631389488841,0.7223476297968398,1389,blend_logreg_0.803_tabicl_0.147_tabpfn_0.050
0.5626373626373626,0.4483912161595569,0.6683333333333333,0.4607631389488841,0.7223476297968398,1389,blend_logreg_0.798_tabicl_0.152_tabpfn_0.050
0.5626373626373626,0.45104027885262604,0.6683333333333333,0.4607631389488841,0.7223476297968398,1389,blend_logreg_0.812_tabicl_0.138_tabpfn_0.050
0.5626373626373626,0.4293799275373116,0.6683333333333333,0.4607631389488841,0.7223476297968398,1389,blend_logreg_0.690_tabicl_0.310_tabpfn_0.000
0.5626373626373626,0.4477605896136234,0.6683333333333333,0.4607631389488841,0.7223476297968398,1389,blend_logreg_0.795_tabicl_0.135_tabpfn_0.070
0.5626373626373626,0.4498119140350022,0.6683333333333333,0.4607631389488841,0.7223476297968398,1389,blend_logreg_0.805_tabicl_0.165_tabpfn_0.030
0.5626373626373626,0.4494004342331248,0.6683333333333333,0.4607631389488841,0.7223476297968398,1389,blend_logreg_0.804_tabicl_0.136_tabpfn_0.060
0.5626373626373626,0.45178780761761994,0.6683333333333333,0.4607631389488841,0.7223476297968398,1389,blend_logreg_0.816_tabicl_0.144_tabpfn_0.040
0.5626373626373626,0.4489103032236769,0.6683333333333333,0.4607631389488841,0.7223476297968398,1389,blend_logreg_0.800_tabicl_0.170_tabpfn_0.030
0.5626373626373626,0.4508954917631124,0.6683333333333333,0.4607631389488841,0.7223476297968398,1389,blend_logreg_0.811_tabicl_0.149_tabpfn_0.040
0.5626373626373626,0.44852670829225283,0.6683333333333333,0.4607631389488841,0.7223476297968398,1389,blend_logreg_0.799_tabicl_0.141_tabpfn_0.060
0.5626373626373626,0.4507135248463275,0.6683333333333333,0.4607631389488841,0.7223476297968398,1389,blend_logreg_0.810_tabicl_0.160_tabpfn_0.030
0.5626086956521739,0.4402942964698609,0.6646666666666666,0.45756718528995755,0.7302483069977427,1414,blend_logreg_0.784_tabicl_0.166_tabpfn_0.050
0.5626086956521739,0.4396650236408633,0.6646666666666666,0.45756718528995755,0.7302483069977427,1414,blend_logreg_0.779_tabicl_0.171_tabpfn_0.050
0.5626086956521739,0.43825160101823746,0.6646666666666666,0.45756718528995755,0.7302483069977427,1414,blend_logreg_0.772_tabicl_0.158_tabpfn_0.070
0.5626086956521739,0.4384228133303553,0.6646666666666666,0.45756718528995755,0.7302483069977427,1414,blend_logreg_0.774_tabicl_0.176_tabpfn_0.050
0.5626086956521739,0.44358597470999817,0.6646666666666666,0.45756718528995755,0.7302483069977427,1414,blend_logreg_0.804_tabicl_0.176_tabpfn_0.020
0.5626086956521739,0.4377503532867489,0.6646666666666666,0.45756718528995755,0.7302483069977427,1414,blend_logreg_0.771_tabicl_0.169_tabpfn_0.060
0.5625546806649169,0.45208778007531775,0.6666666666666666,0.4592857142857143,0.7257336343115124,1400,blend_logreg_0.832_tabicl_0.158_tabpfn_0.010
0.5625546806649169,0.4321270261386917,0.6666666666666666,0.4592857142857143,0.7257336343115124,1400,blend_logreg_0.719_tabicl_0.221_tabpfn_0.060
0.5625546806649169,0.45311295679688446,0.6666666666666666,0.4592857142857143,0.7257336343115124,1400,blend_logreg_0.835_tabicl_0.165_tabpfn_0.000
0.5625546806649169,0.45282086311740954,0.6666666666666666,0.4592857142857143,0.7257336343115124,1400,blend_logreg_0.837_tabicl_0.153_tabpfn_0.010
0.5625274243089075,0.42539263195700083,0.6676666666666666,0.4601579325197416,0.7234762979683973,1393,blend_logreg_0.673_tabicl_0.317_tabpfn_0.010
0.5625274243089075,0.42723303340692254,0.6676666666666666,0.4601579325197416,0.7234762979683973,1393,blend_logreg_0.683_tabicl_0.307_tabpfn_0.010
0.5625274243089075,0.4425986854996411,0.6676666666666666,0.4601579325197416,0.7234762979683973,1393,blend_logreg_0.769_tabicl_0.211_tabpfn_0.020
0.5625274243089075,0.4271987146150034,0.6676666666666666,0.4601579325197416,0.7234762979683973,1393,blend_logreg_0.684_tabicl_0.266_tabpfn_0.050
0.5625274243089075,0.43040261017354375,0.6676666666666666,0.4601579325197416,0.7234762979683973,1393,blend_logreg_0.703_tabicl_0.247_tabpfn_0.050
0.5625274243089075,0.4296991466483042,0.6676666666666666,0.4601579325197416,0.7234762979683973,1393,blend_logreg_0.698_tabicl_0.252_tabpfn_0.050
0.5625274243089075,0.4239354749919674,0.6676666666666666,0.4601579325197416,0.7234762979683973,1393,blend_logreg_0.666_tabicl_0.314_tabpfn_0.020
0.5625274243089075,0.4245668113178938,0.6676666666666666,0.4601579325197416,0.7234762979683973,1393,blend_logreg_0.669_tabicl_0.301_tabpfn_0.030
0.5625274243089075,0.4258999223624082,0.6676666666666666,0.4601579325197416,0.7234762979683973,1393,blend_logreg_0.676_tabicl_0.304_tabpfn_0.020
0.5625274243089075,0.4289647564103829,0.6676666666666666,0.4601579325197416,0.7234762979683973,1393,blend_logreg_0.694_tabicl_0.256_tabpfn_0.050
0.5625274243089075,0.4235109847485595,0.6676666666666666,0.4601579325197416,0.7234762979683973,1393,blend_logreg_0.664_tabicl_0.306_tabpfn_0.030
0.5625274243089075,0.42543267281962394,0.6676666666666666,0.4601579325197416,0.7234762979683973,1393,blend_logreg_0.674_tabicl_0.275_tabpfn_0.050
0.5625274243089075,0.42259202245374594,0.6676666666666666,0.4601579325197416,0.7234762979683973,1393,blend_logreg_0.660_tabicl_0.290_tabpfn_0.050
0.5625274243089075,0.4245496519219343,0.6676666666666666,0.4601579325197416,0.7234762979683973,1393,blend_logreg_0.670_tabicl_0.280_tabpfn_0.050
0.5625274243089075,0.42546842212921915,0.6676666666666666,0.4601579325197416,0.7234762979683973,1393,blend_logreg_0.674_tabicl_0.296_tabpfn_0.030
0.5625274243089075,0.4263156937173137,0.6676666666666666,0.4601579325197416,0.7234762979683973,1393,blend_logreg_0.679_tabicl_0.271_tabpfn_0.050
0.5625274243089075,0.42412601612788703,0.6676666666666666,0.4601579325197416,0.7234762979683973,1393,blend_logreg_0.667_tabicl_0.293_tabpfn_0.040
0.5625274243089075,0.441190352280257,0.6676666666666666,0.4601579325197416,0.7234762979683973,1393,blend_logreg_0.761_tabicl_0.209_tabpfn_0.030
0.5625274243089075,0.427695279545917,0.6676666666666666,0.4601579325197416,0.7234762979683973,1393,blend_logreg_0.686_tabicl_0.274_tabpfn_0.040
0.5625274243089075,0.425910647836902,0.6676666666666666,0.4601579325197416,0.7234762979683973,1393,blend_logreg_0.677_tabicl_0.283_tabpfn_0.040
0.5625274243089075,0.42501833198239447,0.6676666666666666,0.4601579325197416,0.7234762979683973,1393,blend_logreg_0.672_tabicl_0.288_tabpfn_0.040
0.5625274243089075,0.42306316723581905,0.6676666666666666,0.4601579325197416,0.7234762979683973,1393,blend_logreg_0.662_tabicl_0.298_tabpfn_0.040
0.5625274243089075,0.425777657406101,0.6676666666666666,0.4601579325197416,0.7234762979683973,1393,blend_logreg_0.675_tabicl_0.325_tabpfn_0.000
0.5625274243089075,0.4247144736707852,0.6676666666666666,0.4601579325197416,0.7234762979683973,1393,blend_logreg_0.670_tabicl_0.330_tabpfn_0.000
0.5625274243089075,0.42670715308787965,0.6676666666666666,0.4601579325197416,0.7234762979683973,1393,blend_logreg_0.680_tabicl_0.320_tabpfn_0.000
0.5625274243089075,0.4243366379660426,0.6676666666666666,0.4601579325197416,0.7234762979683973,1393,blend_logreg_0.668_tabicl_0.322_tabpfn_0.010
0.5625,0.4469871737081651,0.6686666666666666,0.461038961038961,0.7212189616252822,1386,blend_logreg_0.785_tabicl_0.155_tabpfn_0.060
0.5625,0.4463306312946005,0.6686666666666666,0.461038961038961,0.7212189616252822,1386,blend_logreg_0.781_tabicl_0.189_tabpfn_0.030
0.5625,0.4492457738885025,0.6686666666666666,0.461038961038961,0.7212189616252822,1386,blend_logreg_0.797_tabicl_0.163_tabpfn_0.040
0.5624727905964301,0.4479209977891083,0.665,0.4578313253012048,0.7291196388261851,1411,blend_logreg_0.825_tabicl_0.145_tabpfn_0.030
0.5624727905964301,0.4402251002304155,0.665,0.4578313253012048,0.7291196388261851,1411,blend_logreg_0.781_tabicl_0.149_tabpfn_0.070
0.5624727905964301,0.4440706202236852,0.665,0.4578313253012048,0.7291196388261851,1411,blend_logreg_0.802_tabicl_0.158_tabpfn_0.040
0.5624727905964301,0.4448363953991386,0.665,0.4578313253012048,0.7291196388261851,1411,blend_logreg_0.806_tabicl_0.154_tabpfn_0.040
0.5624727905964301,0.43948325552919504,0.665,0.4578313253012048,0.7291196388261851,1411,blend_logreg_0.777_tabicl_0.153_tabpfn_0.070
0.5624727905964301,0.4471472457889107,0.665,0.4578313253012048,0.7291196388261851,1411,blend_logreg_0.820_tabicl_0.150_tabpfn_0.030
0.5624727905964301,0.446373493788713,0.665,0.4578313253012048,0.7291196388261851,1411,blend_logreg_0.815_tabicl_0.155_tabpfn_0.030
0.5624727905964301,0.448694749789306,0.665,0.4578313253012048,0.7291196388261851,1411,blend_logreg_0.829_tabicl_0.141_tabpfn_0.030
0.5624727905964301,0.4486579849181754,0.665,0.4578313253012048,0.7291196388261851,1411,blend_logreg_0.827_tabicl_0.163_tabpfn_0.010
0.5624727905964301,0.4478682792684891,0.665,0.4578313253012048,0.7291196388261851,1411,blend_logreg_0.822_tabicl_0.168_tabpfn_0.010
0.5624727905964301,0.4485917415341443,0.665,0.4578313253012048,0.7291196388261851,1411,blend_logreg_0.825_tabicl_0.175_tabpfn_0.000
0.5624727905964301,0.44938942400857484,0.665,0.4578313253012048,0.7291196388261851,1411,blend_logreg_0.830_tabicl_0.170_tabpfn_0.000
0.5624727905964301,0.4455654057034614,0.665,0.4578313253012048,0.7291196388261851,1411,blend_logreg_0.809_tabicl_0.171_tabpfn_0.020
0.5624727905964301,0.4425414986588552,0.665,0.4578313253012048,0.7291196388261851,1411,blend_logreg_0.793_tabicl_0.157_tabpfn_0.050
0.5624727905964301,0.44767783476591905,0.665,0.4578313253012048,0.7291196388261851,1411,blend_logreg_0.820_tabicl_0.180_tabpfn_0.000
0.5624727905964301,0.44096694493163596,0.665,0.4578313253012048,0.7291196388261851,1411,blend_logreg_0.786_tabicl_0.144_tabpfn_0.070
0.5624727905964301,0.44947404982817135,0.665,0.4578313253012048,0.7291196388261851,1411,blend_logreg_0.833_tabicl_0.147_tabpfn_0.020
0.5624727905964301,0.4471337209254987,0.665,0.4578313253012048,0.7291196388261851,1411,blend_logreg_0.821_tabicl_0.139_tabpfn_0.040
0.5624727905964301,0.44869232100322937,0.665,0.4578313253012048,0.7291196388261851,1411,blend_logreg_0.828_tabicl_0.152_tabpfn_0.020
0.5624727905964301,0.44176219861998983,0.665,0.4578313253012048,0.7291196388261851,1411,blend_logreg_0.790_tabicl_0.150_tabpfn_0.060
0.5624727905964301,0.4386880018408412,0.665,0.4578313253012048,0.7291196388261851,1411,blend_logreg_0.773_tabicl_0.147_tabpfn_0.080
0.5624727905964301,0.4463471345284034,0.665,0.4578313253012048,0.7291196388261851,1411,blend_logreg_0.813_tabicl_0.167_tabpfn_0.020
0.5624727905964301,0.44712886335334534,0.665,0.4578313253012048,0.7291196388261851,1411,blend_logreg_0.818_tabicl_0.162_tabpfn_0.020
0.5624727905964301,0.4479105921782874,0.665,0.4578313253012048,0.7291196388261851,1411,blend_logreg_0.823_tabicl_0.157_tabpfn_0.020
0.5624178712220762,0.4200490198042588,0.667,0.4595561918396564,0.7246049661399548,1397,blend_logreg_0.650_tabicl_0.350_tabpfn_0.000
0.5624178712220762,0.4213318121302602,0.667,0.4595561918396564,0.7246049661399548,1397,blend_logreg_0.657_tabicl_0.323_tabpfn_0.020
0.5624178712220762,0.41856313880621615,0.667,0.4595561918396564,0.7246049661399548,1397,blend_logreg_0.643_tabicl_0.347_tabpfn_0.010
0.5624178712220762,0.41971783863818146,0.667,0.4595561918396564,0.7246049661399548,1397,blend_logreg_0.648_tabicl_0.342_tabpfn_0.010
0.5624178712220762,0.42997468173511866,0.667,0.4595561918396564,0.7246049661399548,1397,blend_logreg_0.705_tabicl_0.235_tabpfn_0.060
0.5624178712220762,0.4221135409552022,0.667,0.4595561918396564,0.7246049661399548,1397,blend_logreg_0.661_tabicl_0.319_tabpfn_0.020
0.5624178712220762,0.4225976984785281,0.667,0.4595561918396564,0.7246049661399548,1397,blend_logreg_0.663_tabicl_0.327_tabpfn_0.010
0.5624178712220762,0.41822029400547256,0.667,0.4595561918396564,0.7246049661399548,1397,blend_logreg_0.642_tabicl_0.338_tabpfn_0.020
0.5624178712220762,0.42006592578199226,0.667,0.4595561918396564,0.7246049661399548,1397,blend_logreg_0.650_tabicl_0.320_tabpfn_0.030
0.5624178712220762,0.4178541219353963,0.667,0.4595561918396564,0.7246049661399548,1397,blend_logreg_0.640_tabicl_0.330_tabpfn_0.030
0.5624178712220762,0.4208396777821899,0.667,0.4595561918396564,0.7246049661399548,1397,blend_logreg_0.655_tabicl_0.315_tabpfn_0.030
0.5624178712220762,0.4429270235972849,0.667,0.4595561918396564,0.7246049661399548,1397,blend_logreg_0.774_tabicl_0.206_tabpfn_0.020
0.5624178712220762,0.4193633302027715,0.667,0.4595561918396564,0.7246049661399548,1397,blend_logreg_0.647_tabicl_0.333_tabpfn_0.020
0.5624178712220762,0.4189854944980289,0.667,0.4595561918396564,0.7246049661399548,1397,blend_logreg_0.645_tabicl_0.325_tabpfn_0.030
0.5624178712220762,0.43642369786524415,0.667,0.4595561918396564,0.7246049661399548,1397,blend_logreg_0.739_tabicl_0.221_tabpfn_0.040
0.5624178712220762,0.4371345662696968,0.667,0.4595561918396564,0.7246049661399548,1397,blend_logreg_0.744_tabicl_0.216_tabpfn_0.040
0.5624178712220762,0.4307349088466387,0.667,0.4595561918396564,0.7246049661399548,1397,blend_logreg_0.710_tabicl_0.230_tabpfn_0.060
0.562390158172232,0.4404440280803494,0.668,0.460431654676259,0.7223476297968398,1390,blend_logreg_0.755_tabicl_0.195_tabpfn_0.050
0.562390158172232,0.4413270489780391,0.668,0.460431654676259,0.7223476297968398,1390,blend_logreg_0.760_tabicl_0.190_tabpfn_0.050
0.562390158172232,0.440989928830704,0.668,0.460431654676259,0.7223476297968398,1390,blend_logreg_0.759_tabicl_0.161_tabpfn_0.080
0.562390158172232,0.4468961586295693,0.668,0.460431654676259,0.7223476297968398,1390,blend_logreg_0.791_tabicl_0.139_tabpfn_0.070
0.562390158172232,0.4417095727252443,0.668,0.460431654676259,0.7223476297968398,1390,blend_logreg_0.763_tabicl_0.167_tabpfn_0.070
0.562390158172232,0.4435006383557251,0.668,0.460431654676259,0.7223476297968398,1390,blend_logreg_0.771_tabicl_0.199_tabpfn_0.030
0.562390158172232,0.44025169502252787,0.668,0.460431654676259,0.7223476297968398,1390,blend_logreg_0.755_tabicl_0.155_tabpfn_0.090
0.562390158172232,0.44259902754439984,0.668,0.460431654676259,0.7223476297968398,1390,blend_logreg_0.766_tabicl_0.204_tabpfn_0.030
0.562390158172232,0.44286464907254475,0.668,0.460431654676259,0.7223476297968398,1390,blend_logreg_0.768_tabicl_0.192_tabpfn_0.040
0.562390158172232,0.44612074499412213,0.668,0.460431654676259,0.7223476297968398,1390,blend_logreg_0.787_tabicl_0.133_tabpfn_0.080
0.562390158172232,0.4268996692732268,0.668,0.460431654676259,0.7223476297968398,1390,blend_logreg_0.679_tabicl_0.291_tabpfn_0.030
0.562390158172232,0.44013479280346757,0.668,0.460431654676259,0.7223476297968398,1390,blend_logreg_0.754_tabicl_0.166_tabpfn_0.080
0.562390158172232,0.4422100698757288,0.668,0.460431654676259,0.7223476297968398,1390,blend_logreg_0.765_tabicl_0.185_tabpfn_0.050
0.5623641894828335,0.4366861164209535,0.6643333333333333,0.45724381625441696,0.7302483069977427,1415,blend_logreg_0.764_tabicl_0.146_tabpfn_0.090
0.5623641894828335,0.4370517414471318,0.6643333333333333,0.45724381625441696,0.7302483069977427,1415,blend_logreg_0.767_tabicl_0.163_tabpfn_0.070
0.5623641894828335,0.4374743439018293,0.6643333333333333,0.45724381625441696,0.7302483069977427,1415,blend_logreg_0.768_tabicl_0.152_tabpfn_0.080
0.5623087013554875,0.4295396230284719,0.6663333333333333,0.45895788722341185,0.7257336343115124,1401,blend_logreg_0.707_tabicl_0.223_tabpfn_0.070
0.5623087013554875,0.4335191434307447,0.6663333333333333,0.45895788722341185,0.7257336343115124,1401,blend_logreg_0.729_tabicl_0.211_tabpfn_0.060
0.5623087013554875,0.4328230847847182,0.6663333333333333,0.45895788722341185,0.7257336343115124,1401,blend_logreg_0.724_tabicl_0.216_tabpfn_0.060
0.5622807017543859,0.4171810425624102,0.6673333333333333,0.4598278335724534,0.7234762979683973,1394,blend_logreg_0.634_tabicl_0.326_tabpfn_0.040
0.5622807017543859,0.42292846397612,0.6673333333333333,0.4598278335724534,0.7234762979683973,1394,blend_logreg_0.663_tabicl_0.277_tabpfn_0.060
0.5622807017543859,0.42385379896581404,0.6673333333333333,0.4598278335724534,0.7234762979683973,1394,blend_logreg_0.667_tabicl_0.273_tabpfn_0.060
0.5622807017543859,0.4397820190608729,0.6673333333333333,0.4598278335724534,0.7234762979683973,1394,blend_logreg_0.754_tabicl_0.206_tabpfn_0.040
0.5622807017543859,0.4236353090820263,0.6673333333333333,0.4598278335724534,0.7234762979683973,1394,blend_logreg_0.665_tabicl_0.285_tabpfn_0.050
0.5622807017543859,0.4390698333899719,0.6673333333333333,0.4598278335724534,0.7234762979683973,1394,blend_logreg_0.749_tabicl_0.211_tabpfn_0.040
0.5622807017543859,0.4178623355655056,0.6673333333333333,0.4598278335724534,0.7234762979683973,1394,blend_logreg_0.637_tabicl_0.343_tabpfn_0.020
0.5622807017543859,0.41753499137458866,0.6673333333333333,0.4598278335724534,0.7234762979683973,1394,blend_logreg_0.635_tabicl_0.335_tabpfn_0.030
0.5622807017543859,0.4265585569704795,0.6673333333333333,0.4598278335724534,0.7234762979683973,1394,blend_logreg_0.681_tabicl_0.258_tabpfn_0.060
0.5622807017543859,0.427254615616506,0.6673333333333333,0.4598278335724534,0.7234762979683973,1394,blend_logreg_0.686_tabicl_0.254_tabpfn_0.060
0.5622807017543859,0.4247791339555081,0.6673333333333333,0.4598278335724534,0.7234762979683973,1394,blend_logreg_0.672_tabicl_0.268_tabpfn_0.060
0.5622807017543859,0.42570446894520214,0.6673333333333333,0.4598278335724534,0.7234762979683973,1394,blend_logreg_0.677_tabicl_0.263_tabpfn_0.060
0.5622525296964365,0.44523325199157054,0.6683333333333333,0.46070656092285506,0.7212189616252822,1387,blend_logreg_0.776_tabicl_0.194_tabpfn_0.030
0.5622525296964365,0.44590817913092284,0.6683333333333333,0.46070656092285506,0.7212189616252822,1387,blend_logreg_0.782_tabicl_0.138_tabpfn_0.080
0.5622280243690165,0.43632023830139616,0.6646666666666666,0.45750708215297453,0.7291196388261851,1412,blend_logreg_0.761_tabicl_0.179_tabpfn_0.060
0.5622280243690165,0.43295268904458406,0.6646666666666666,0.45750708215297453,0.7291196388261851,1412,blend_logreg_0.743_tabicl_0.157_tabpfn_0.100
0.5622280243690165,0.43942186971731734,0.6646666666666666,0.45750708215297453,0.7291196388261851,1412,blend_logreg_0.777_tabicl_0.143_tabpfn_0.080
0.5622280243690165,0.43732795569068006,0.6646666666666666,0.45750708215297453,0.7291196388261851,1412,blend_logreg_0.766_tabicl_0.174_tabpfn_0.060
0.5621999127018769,0.42402332541727494,0.6656666666666666,0.4583629893238434,0.7268623024830699,1405,blend_logreg_0.683_tabicl_0.227_tabpfn_0.090
0.5621999127018769,0.42333549014213495,0.6656666666666666,0.4583629893238434,0.7268623024830699,1405,blend_logreg_0.680_tabicl_0.220_tabpfn_0.100
0.5621716287215411,0.4304565881641621,0.6666666666666666,0.4592274678111588,0.7246049661399548,1398,blend_logreg_0.711_tabicl_0.189_tabpfn_0.100
0.5621716287215411,0.4195658146091776,0.6666666666666666,0.4592274678111588,0.7246049661399548,1398,blend_logreg_0.648_tabicl_0.312_tabpfn_0.040
0.562143170838823,0.4437569649270523,0.6676666666666666,0.46010064701653486,0.7223476297968398,1391,blend_logreg_0.773_tabicl_0.187_tabpfn_0.040
0.562143170838823,0.44197233321803725,0.6676666666666666,0.46010064701653486,0.7223476297968398,1391,blend_logreg_0.763_tabicl_0.197_tabpfn_0.040
0.562143170838823,0.43925992134908,0.6676666666666666,0.46010064701653486,0.7223476297968398,1391,blend_logreg_0.750_tabicl_0.170_tabpfn_0.080
0.562143170838823,0.422341384418872,0.6676666666666666,0.46010064701653486,0.7223476297968398,1391,blend_logreg_0.658_tabicl_0.302_tabpfn_0.040
0.562143170838823,0.44200450964151866,0.6676666666666666,0.46010064701653486,0.7223476297968398,1391,blend_logreg_0.765_tabicl_0.135_tabpfn_0.100
0.562143170838823,0.44116722055191265,0.6676666666666666,0.46010064701653486,0.7223476297968398,1391,blend_logreg_0.761_tabicl_0.139_tabpfn_0.100
0.562143170838823,0.4436350593042022,0.6676666666666666,0.46010064701653486,0.7223476297968398,1391,blend_logreg_0.774_tabicl_0.136_tabpfn_0.090
0.562143170838823,0.4410975360929465,0.6676666666666666,0.46010064701653486,0.7223476297968398,1391,blend_logreg_0.760_tabicl_0.150_tabpfn_0.090
0.562143170838823,0.4418450648579403,0.6676666666666666,0.46010064701653486,0.7223476297968398,1391,blend_logreg_0.764_tabicl_0.156_tabpfn_0.080
0.562143170838823,0.4384363278096477,0.6676666666666666,0.46010064701653486,0.7223476297968398,1391,blend_logreg_0.746_tabicl_0.164_tabpfn_0.090
0.562143170838823,0.44066317482440537,0.6676666666666666,0.46010064701653486,0.7223476297968398,1391,blend_logreg_0.757_tabicl_0.183_tabpfn_0.060
0.562143170838823,0.4430930907734185,0.6676666666666666,0.46010064701653486,0.7223476297968398,1391,blend_logreg_0.770_tabicl_0.180_tabpfn_0.050
0.562143170838823,0.44108001736352975,0.6676666666666666,0.46010064701653486,0.7223476297968398,1391,blend_logreg_0.758_tabicl_0.202_tabpfn_0.040
0.562143170838823,0.44084514174119016,0.6676666666666666,0.46010064701653486,0.7223476297968398,1391,blend_logreg_0.758_tabicl_0.172_tabpfn_0.070
0.562143170838823,0.4362945451200457,0.6676666666666666,0.46010064701653486,0.7223476297968398,1391,blend_logreg_0.733_tabicl_0.207_tabpfn_0.060
0.562143170838823,0.4393953024865411,0.6676666666666666,0.46010064701653486,0.7223476297968398,1391,blend_logreg_0.752_tabicl_0.148_tabpfn_0.100
0.562143170838823,0.43940585395210935,0.6676666666666666,0.46010064701653486,0.7223476297968398,1391,blend_logreg_0.751_tabicl_0.159_tabpfn_0.090
0.562143170838823,0.4444809003746208,0.6676666666666666,0.46010064701653486,0.7223476297968398,1391,blend_logreg_0.778_tabicl_0.132_tabpfn_0.090
0.562143170838823,0.44278921823378364,0.6676666666666666,0.46010064701653486,0.7223476297968398,1391,blend_logreg_0.769_tabicl_0.141_tabpfn_0.090
0.562143170838823,0.44284105575511945,0.6676666666666666,0.46010064701653486,0.7223476297968398,1391,blend_logreg_0.770_tabicl_0.130_tabpfn_0.100
0.562143170838823,0.43944543785178874,0.6676666666666666,0.46010064701653486,0.7223476297968398,1391,blend_logreg_0.751_tabicl_0.199_tabpfn_0.050
0.5620629370629371,0.4350833733477644,0.666,0.4586305278174037,0.7257336343115124,1402,blend_logreg_0.736_tabicl_0.214_tabpfn_0.050
0.5620629370629371,0.43102277824445534,0.666,0.4586305278174037,0.7257336343115124,1402,blend_logreg_0.716_tabicl_0.214_tabpfn_0.070
0.5620629370629371,0.4348930307303713,0.666,0.4586305278174037,0.7257336343115124,1402,blend_logreg_0.738_tabicl_0.202_tabpfn_0.060
0.5620629370629371,0.43033412447764186,0.666,0.4586305278174037,0.7257336343115124,1402,blend_logreg_0.711_tabicl_0.219_tabpfn_0.070
0.5620629370629371,0.43560446565997407,0.666,0.4586305278174037,0.7257336343115124,1402,blend_logreg_0.741_tabicl_0.209_tabpfn_0.050
0.5620629370629371,0.43612555797218366,0.666,0.4586305278174037,0.7257336343115124,1402,blend_logreg_0.746_tabicl_0.204_tabpfn_0.050
0.5620629370629371,0.42848749648020606,0.666,0.4586305278174037,0.7257336343115124,1402,blend_logreg_0.702_tabicl_0.228_tabpfn_0.070
0.562034195528277,0.422003128986426,0.667,0.45949820788530465,0.7234762979683973,1395,blend_logreg_0.658_tabicl_0.282_tabpfn_0.060
0.562034195528277,0.4231174218921517,0.667,0.45949820788530465,0.7234762979683973,1395,blend_logreg_0.665_tabicl_0.265_tabpfn_0.070
0.562034195528277,0.42795067426253264,0.667,0.45949820788530465,0.7234762979683973,1395,blend_logreg_0.691_tabicl_0.249_tabpfn_0.060
0.562034195528277,0.4375375921186439,0.667,0.45949820788530465,0.7234762979683973,1395,blend_logreg_0.743_tabicl_0.197_tabpfn_0.060
0.562034195528277,0.42403291289259365,0.667,0.45949820788530465,0.7234762979683973,1395,blend_logreg_0.670_tabicl_0.260_tabpfn_0.070
0.562034195528277,0.424824894343134,0.667,0.45949820788530465,0.7234762979683973,1395,blend_logreg_0.674_tabicl_0.256_tabpfn_0.070
0.562034195528277,0.42148397716044594,0.667,0.45949820788530465,0.7234762979683973,1395,blend_logreg_0.655_tabicl_0.294_tabpfn_0.050
0.562034195528277,0.4167763547347472,0.667,0.45949820788530465,0.7234762979683973,1395,blend_logreg_0.632_tabicl_0.318_tabpfn_0.050
0.562034195528277,0.43668932308736197,0.667,0.45949820788530465,0.7234762979683973,1395,blend_logreg_0.739_tabicl_0.191_tabpfn_0.070
0.562034195528277,0.4358523823180669,0.667,0.45949820788530465,0.7234762979683973,1395,blend_logreg_0.735_tabicl_0.195_tabpfn_0.070
0.562034195528277,0.4208237493798864,0.667,0.45949820788530465,0.7234762979683973,1395,blend_logreg_0.653_tabicl_0.307_tabpfn_0.040
0.562034195528277,0.42934279155458566,0.667,0.45949820788530465,0.7234762979683973,1395,blend_logreg_0.700_tabicl_0.240_tabpfn_0.060
0.562034195528277,0.41803426425827084,0.667,0.45949820788530465,0.7234762979683973,1395,blend_logreg_0.638_tabicl_0.322_tabpfn_0.040
0.562034195528277,0.4223796121859269,0.667,0.45949820788530465,0.7234762979683973,1395,blend_logreg_0.660_tabicl_0.310_tabpfn_0.030
0.562034195528277,0.4159040207418609,0.667,0.45949820788530465,0.7234762979683973,1395,blend_logreg_0.629_tabicl_0.331_tabpfn_0.040
0.562034195528277,0.41624466724340853,0.667,0.45949820788530465,0.7234762979683973,1395,blend_logreg_0.630_tabicl_0.340_tabpfn_0.030
0.5619834710743802,0.43210756528932714,0.6643333333333333,0.45718329794762913,0.7291196388261851,1413,blend_logreg_0.738_tabicl_0.162_tabpfn_0.100
0.5619834710743802,0.43041189458301626,0.6643333333333333,0.45718329794762913,0.7291196388261851,1413,blend_logreg_0.730_tabicl_0.160_tabpfn_0.110
0.5619834710743802,0.43478465214925366,0.6643333333333333,0.45718329794762913,0.7291196388261851,1413,blend_logreg_0.753_tabicl_0.177_tabpfn_0.070
0.5619546247818499,0.42412717742989203,0.6653333333333333,0.45803698435277385,0.7268623024830699,1406,blend_logreg_0.684_tabicl_0.216_tabpfn_0.100
0.5619546247818499,0.42613005090722705,0.6653333333333333,0.45803698435277385,0.7268623024830699,1406,blend_logreg_0.693_tabicl_0.237_tabpfn_0.070
0.5619546247818499,0.42676576810069483,0.6653333333333333,0.45803698435277385,0.7268623024830699,1406,blend_logreg_0.696_tabicl_0.244_tabpfn_0.060
0.5619546247818499,0.42556300588386703,0.6653333333333333,0.45803698435277385,0.7268623024830699,1406,blend_logreg_0.693_tabicl_0.207_tabpfn_0.100
0.5619546247818499,0.4248450916568795,0.6653333333333333,0.45803698435277385,0.7268623024830699,1406,blend_logreg_0.689_tabicl_0.211_tabpfn_0.100
0.5619546247818499,0.4248107555718257,0.6653333333333333,0.45803698435277385,0.7268623024830699,1406,blend_logreg_0.687_tabicl_0.223_tabpfn_0.090
0.5619546247818499,0.4229938252463912,0.6653333333333333,0.45803698435277385,0.7268623024830699,1406,blend_logreg_0.678_tabicl_0.232_tabpfn_0.090
0.5619546247818499,0.4255366466235575,0.6653333333333333,0.45803698435277385,0.7268623024830699,1406,blend_logreg_0.692_tabicl_0.218_tabpfn_0.090
0.5619546247818499,0.4262625376752893,0.6653333333333333,0.45803698435277385,0.7268623024830699,1406,blend_logreg_0.696_tabicl_0.214_tabpfn_0.090
0.5619546247818499,0.42547838006427063,0.6653333333333333,0.45803698435277385,0.7268623024830699,1406,blend_logreg_0.690_tabicl_0.230_tabpfn_0.080
0.5619546247818499,0.42468853431503284,0.6653333333333333,0.45803698435277385,0.7268623024830699,1406,blend_logreg_0.685_tabicl_0.235_tabpfn_0.080
0.5619335347432024,0.39811061472493414,0.6616666666666666,0.4549266247379455,0.7347629796839729,1431,blend_logreg_0.579_tabicl_0.311_tabpfn_0.110
0.5619256017505471,0.4316946005882084,0.6663333333333333,0.45889921372408865,0.7246049661399548,1399,blend_logreg_0.719_tabicl_0.191_tabpfn_0.090
0.5619256017505471,0.43020032644257755,0.6663333333333333,0.45889921372408865,0.7246049661399548,1399,blend_logreg_0.710_tabicl_0.200_tabpfn_0.090
0.5619256017505471,0.42967314504412485,0.6663333333333333,0.45889921372408865,0.7246049661399548,1399,blend_logreg_0.708_tabicl_0.182_tabpfn_0.110
0.5619256017505471,0.4301949381777298,0.6663333333333333,0.45889921372408865,0.7246049661399548,1399,blend_logreg_0.712_tabicl_0.178_tabpfn_0.110
0.5619256017505471,0.43119544900493395,0.6663333333333333,0.45889921372408865,0.7246049661399548,1399,blend_logreg_0.714_tabicl_0.196_tabpfn_0.090
0.5619256017505471,0.43093341447248157,0.6663333333333333,0.45889921372408865,0.7246049661399548,1399,blend_logreg_0.713_tabicl_0.207_tabpfn_0.080
0.5619256017505471,0.43192333948123807,0.6663333333333333,0.45889921372408865,0.7246049661399548,1399,blend_logreg_0.718_tabicl_0.202_tabpfn_0.080
0.5619256017505471,0.4324279762467464,0.6663333333333333,0.45889921372408865,0.7246049661399548,1399,blend_logreg_0.722_tabicl_0.198_tabpfn_0.080
0.5619256017505471,0.4185843315239537,0.6663333333333333,0.45889921372408865,0.7246049661399548,1399,blend_logreg_0.643_tabicl_0.317_tabpfn_0.040
0.5619256017505471,0.42804298480176634,0.6663333333333333,0.45889921372408865,0.7246049661399548,1399,blend_logreg_0.698_tabicl_0.232_tabpfn_0.070
0.5619256017505471,0.4331503815408167,0.6663333333333333,0.45889921372408865,0.7246049661399548,1399,blend_logreg_0.725_tabicl_0.205_tabpfn_0.070
0.5619256017505471,0.43264025959307467,0.6663333333333333,0.45889921372408865,0.7246049661399548,1399,blend_logreg_0.721_tabicl_0.209_tabpfn_0.070
0.5618964003511853,0.4397757895588415,0.6673333333333333,0.45977011494252873,0.7223476297968398,1392,blend_logreg_0.752_tabicl_0.188_tabpfn_0.060
0.5618964003511853,0.44100179485487,0.6673333333333333,0.45977011494252873,0.7223476297968398,1392,blend_logreg_0.761_tabicl_0.129_tabpfn_0.110
0.5618964003511853,0.4387123498218846,0.6673333333333333,0.45977011494252873,0.7223476297968398,1392,blend_logreg_0.747_tabicl_0.193_tabpfn_0.060
0.5618964003511853,0.43821910798950514,0.6673333333333333,0.45977011494252873,0.7223476297968398,1392,blend_logreg_0.745_tabicl_0.175_tabpfn_0.080
0.5618964003511853,0.4379566354145985,0.6673333333333333,0.45977011494252873,0.7223476297968398,1392,blend_logreg_0.744_tabicl_0.186_tabpfn_0.070
0.5618964003511853,0.43900876196286437,0.6673333333333333,0.45977011494252873,0.7223476297968398,1392,blend_logreg_0.749_tabicl_0.181_tabpfn_0.070
0.5618964003511853,0.41802423520834964,0.6673333333333333,0.45977011494252873,0.7223476297968398,1392,blend_logreg_0.636_tabicl_0.314_tabpfn_0.050
0.5618964003511853,0.4402812615192269,0.6673333333333333,0.45977011494252873,0.7223476297968398,1392,blend_logreg_0.756_tabicl_0.144_tabpfn_0.100
0.5618964003511853,0.43740682763876393,0.6673333333333333,0.45977011494252873,0.7223476297968398,1392,blend_logreg_0.742_tabicl_0.168_tabpfn_0.090
0.5618670189343902,0.42238220509432045,0.6683333333333333,0.46064981949458483,0.7200902934537246,1385,blend_logreg_0.653_tabicl_0.287_tabpfn_0.060
0.5618466898954704,0.4329714552473338,0.6646666666666666,0.4574468085106383,0.7279909706546276,1410,blend_logreg_0.741_tabicl_0.179_tabpfn_0.080
0.561817387505461,0.4267701610341824,0.6656666666666666,0.45830363506771205,0.7257336343115124,1403,blend_logreg_0.695_tabicl_0.225_tabpfn_0.080
0.561817387505461,0.4278109743937572,0.6656666666666666,0.45830363506771205,0.7257336343115124,1403,blend_logreg_0.699_tabicl_0.221_tabpfn_0.080
0.5617879053461875,0.4324991729818696,0.6666666666666666,0.45916905444126077,0.7234762979683973,1396,blend_logreg_0.720_tabicl_0.180_tabpfn_0.100
0.5617879053461875,0.4331744938778642,0.6666666666666666,0.45916905444126077,0.7234762979683973,1396,blend_logreg_0.725_tabicl_0.165_tabpfn_0.110
0.5617879053461875,0.43168689263112825,0.6666666666666666,0.45916905444126077,0.7234762979683973,1396,blend_logreg_0.716_tabicl_0.174_tabpfn_0.110
0.5617879053461875,0.43407146414289416,0.6666666666666666,0.45916905444126077,0.7234762979683973,1396,blend_logreg_0.729_tabicl_0.171_tabpfn_0.100
0.5617879053461875,0.4335173599640623,0.6666666666666666,0.45916905444126077,0.7234762979683973,1396,blend_logreg_0.725_tabicl_0.175_tabpfn_0.100
0.5617879053461875,0.4306877588521908,0.6666666666666666,0.45916905444126077,0.7234762979683973,1396,blend_logreg_0.708_tabicl_0.212_tabpfn_0.080
0.5617879053461875,0.4222019308917097,0.6666666666666666,0.45916905444126077,0.7234762979683973,1396,blend_logreg_0.660_tabicl_0.270_tabpfn_0.070
0.5617879053461875,0.434800255769801,0.6666666666666666,0.45916905444126077,0.7234762979683973,1396,blend_logreg_0.730_tabicl_0.200_tabpfn_0.070
0.5617879053461875,0.42128643989126774,0.6666666666666666,0.45916905444126077,0.7234762979683973,1396,blend_logreg_0.656_tabicl_0.274_tabpfn_0.070
0.5617879053461875,0.42551354810994746,0.6666666666666666,0.45916905444126077,0.7234762979683973,1396,blend_logreg_0.679_tabicl_0.251_tabpfn_0.070
0.5617879053461875,0.4326326926524176,0.6666666666666666,0.45916905444126077,0.7234762979683973,1396,blend_logreg_0.721_tabicl_0.169_tabpfn_0.110
0.5617879053461875,0.4349562590994871,0.6666666666666666,0.45916905444126077,0.7234762979683973,1396,blend_logreg_0.733_tabicl_0.177_tabpfn_0.090
0.5617879053461875,0.4317296347331691,0.6666666666666666,0.45916905444126077,0.7234762979683973,1396,blend_logreg_0.717_tabicl_0.163_tabpfn_0.120
0.5617879053461875,0.43328882695522886,0.6666666666666666,0.45916905444126077,0.7234762979683973,1396,blend_logreg_0.723_tabicl_0.187_tabpfn_0.090
0.5617879053461875,0.43582887874764303,0.6666666666666666,0.45916905444126077,0.7234762979683973,1396,blend_logreg_0.736_tabicl_0.184_tabpfn_0.080
0.5617879053461875,0.434055854551206,0.6666666666666666,0.45916905444126077,0.7234762979683973,1396,blend_logreg_0.727_tabicl_0.193_tabpfn_0.080
0.5617879053461875,0.4343183271261126,0.6666666666666666,0.45916905444126077,0.7234762979683973,1396,blend_logreg_0.728_tabicl_0.182_tabpfn_0.090
0.5617879053461875,0.4350966679107808,0.6666666666666666,0.45916905444126077,0.7234762979683973,1396,blend_logreg_0.731_tabicl_0.189_tabpfn_0.080
0.5617582417582417,0.4210175683311754,0.6676666666666666,0.46004319654427644,0.7212189616252822,1389,blend_logreg_0.651_tabicl_0.299_tabpfn_0.050
0.5617582417582417,0.4188200263026069,0.6676666666666666,0.46004319654427644,0.7212189616252822,1389,blend_logreg_0.639_tabicl_0.301_tabpfn_0.060
0.5617391304347826,0.43361912817375836,0.664,0.45685997171145687,0.7291196388261851,1414,blend_logreg_0.747_tabicl_0.153_tabpfn_0.100
0.5617391304347826,0.4311427294910766,0.664,0.45685997171145687,0.7291196388261851,1414,blend_logreg_0.734_tabicl_0.166_tabpfn_0.100
0.5617095508068033,0.42698842872702114,0.665,0.4577114427860697,0.7268623024830699,1407,blend_logreg_0.701_tabicl_0.209_tabpfn_0.090
0.5617095508068033,0.427714319778753,0.665,0.4577114427860697,0.7268623024830699,1407,blend_logreg_0.705_tabicl_0.205_tabpfn_0.090
0.5617095508068033,0.42382155208340344,0.665,0.4577114427860697,0.7268623024830699,1407,blend_logreg_0.685_tabicl_0.205_tabpfn_0.110
0.5617095508068033,0.4242789902871427,0.665,0.4577114427860697,0.7268623024830699,1407,blend_logreg_0.684_tabicl_0.246_tabpfn_0.070
0.5617095508068033,0.423647720955458,0.665,0.4577114427860697,0.7268623024830699,1407,blend_logreg_0.681_tabicl_0.239_tabpfn_0.080
0.5617095508068033,0.4253311168354086,0.665,0.4577114427860697,0.7268623024830699,1407,blend_logreg_0.688_tabicl_0.242_tabpfn_0.070
0.5617095508068033,0.42224789400170937,0.665,0.4577114427860697,0.7268623024830699,1407,blend_logreg_0.675_tabicl_0.225_tabpfn_0.100
0.5617095508068033,0.42142300662693355,0.665,0.4577114427860697,0.7268623024830699,1407,blend_logreg_0.672_tabicl_0.218_tabpfn_0.110
0.5617095508068033,0.4225034835834809,0.665,0.4577114427860697,0.7268623024830699,1407,blend_logreg_0.676_tabicl_0.214_tabpfn_0.110
0.5617095508068033,0.42316251783344216,0.665,0.4577114427860697,0.7268623024830699,1407,blend_logreg_0.681_tabicl_0.209_tabpfn_0.110
0.5616911130284729,0.39890505634129947,0.6613333333333333,0.454608938547486,0.7347629796839729,1432,blend_logreg_0.583_tabicl_0.307_tabpfn_0.110
0.5616797900262467,0.42786530408857293,0.666,0.4585714285714286,0.7246049661399548,1400,blend_logreg_0.700_tabicl_0.180_tabpfn_0.120
0.5616797900262467,0.4286662712506232,0.666,0.4585714285714286,0.7246049661399548,1400,blend_logreg_0.703_tabicl_0.187_tabpfn_0.110
0.5616797900262467,0.4288608646933836,0.666,0.4585714285714286,0.7246049661399548,1400,blend_logreg_0.704_tabicl_0.176_tabpfn_0.120
0.5616797900262467,0.4181598412805459,0.666,0.4585714285714286,0.7246049661399548,1400,blend_logreg_0.641_tabicl_0.309_tabpfn_0.050
0.5616797900262467,0.43095025456520286,0.666,0.4585714285714286,0.7246049661399548,1400,blend_logreg_0.716_tabicl_0.184_tabpfn_0.100
0.5616498464238702,0.43646563792991067,0.667,0.45944005743000715,0.7223476297968398,1393,blend_logreg_0.739_tabicl_0.141_tabpfn_0.120
0.5616498464238702,0.4374973346811351,0.667,0.45944005743000715,0.7223476297968398,1393,blend_logreg_0.743_tabicl_0.147_tabpfn_0.110
0.5616498464238702,0.4355993668757291,0.667,0.45944005743000715,0.7223476297968398,1393,blend_logreg_0.735_tabicl_0.145_tabpfn_0.120
0.5616498464238702,0.41573693873191075,0.667,0.45944005743000715,0.7223476297968398,1393,blend_logreg_0.624_tabicl_0.336_tabpfn_0.040
0.5616498464238702,0.44012567981143624,0.667,0.45944005743000715,0.7223476297968398,1393,blend_logreg_0.757_tabicl_0.133_tabpfn_0.110
0.5616498464238702,0.4366212196377014,0.667,0.45944005743000715,0.7223476297968398,1393,blend_logreg_0.739_tabicl_0.151_tabpfn_0.110
0.5616498464238702,0.4198945931662419,0.667,0.45944005743000715,0.7223476297968398,1393,blend_logreg_0.646_tabicl_0.304_tabpfn_0.050
0.5616498464238702,0.4304094291847132,0.667,0.45944005743000715,0.7223476297968398,1393,blend_logreg_0.704_tabicl_0.216_tabpfn_0.080
0.5616498464238702,0.43370139907032307,0.667,0.45944005743000715,0.7223476297968398,1393,blend_logreg_0.726_tabicl_0.144_tabpfn_0.130
0.5616498464238702,0.4345578261352526,0.667,0.45944005743000715,0.7223476297968398,1393,blend_logreg_0.731_tabicl_0.139_tabpfn_0.130
0.5616498464238702,0.4357143878051351,0.667,0.45944005743000715,0.7223476297968398,1393,blend_logreg_0.734_tabicl_0.156_tabpfn_0.110
0.5616498464238702,0.41601855638403823,0.667,0.45944005743000715,0.7223476297968398,1393,blend_logreg_0.627_tabicl_0.323_tabpfn_0.050
0.5616498464238702,0.4152186982715113,0.667,0.45944005743000715,0.7223476297968398,1393,blend_logreg_0.622_tabicl_0.328_tabpfn_0.050
0.5616498464238702,0.41428351929256524,0.667,0.45944005743000715,0.7223476297968398,1393,blend_logreg_0.617_tabicl_0.333_tabpfn_0.050
0.5616498464238702,0.43383866771743695,0.667,0.45944005743000715,0.7223476297968398,1393,blend_logreg_0.726_tabicl_0.154_tabpfn_0.120
0.5616498464238702,0.4347330958215474,0.667,0.45944005743000715,0.7223476297968398,1393,blend_logreg_0.730_tabicl_0.150_tabpfn_0.120
0.5616319444444444,0.4337070658328227,0.6633333333333333,0.45627644569816644,0.7302483069977427,1418,blend_logreg_0.752_tabicl_0.138_tabpfn_0.110
0.5616319444444444,0.43283202120608083,0.6633333333333333,0.45627644569816644,0.7302483069977427,1418,blend_logreg_0.748_tabicl_0.142_tabpfn_0.110
0.5616197183098591,0.42139499987142054,0.668,0.4603174603174603,0.7200902934537246,1386,blend_logreg_0.649_tabicl_0.291_tabpfn_0.060
0.5616020896821942,0.43216300441842764,0.6643333333333333,0.4571226080793763,0.7279909706546276,1411,blend_logreg_0.737_tabicl_0.173_tabpfn_0.090
0.5616020896821942,0.433238498522238,0.6643333333333333,0.4571226080793763,0.7279909706546276,1411,blend_logreg_0.744_tabicl_0.136_tabpfn_0.120
0.5616020896821942,0.4337729157549475,0.6643333333333333,0.4571226080793763,0.7279909706546276,1411,blend_logreg_0.748_tabicl_0.132_tabpfn_0.120
0.5615550755939525,0.40467451073269584,0.6616666666666666,0.4548635409377187,0.7336343115124153,1429,blend_logreg_0.606_tabicl_0.254_tabpfn_0.140
0.5615550755939525,0.40651841914713016,0.6616666666666666,0.4548635409377187,0.7336343115124153,1429,blend_logreg_0.615_tabicl_0.245_tabpfn_0.140
0.5615550755939525,0.4080899517577114,0.6616666666666666,0.4548635409377187,0.7336343115124153,1429,blend_logreg_0.624_tabicl_0.236_tabpfn_0.140
0.5615550755939525,0.405596464939913,0.6616666666666666,0.4548635409377187,0.7336343115124153,1429,blend_logreg_0.611_tabicl_0.249_tabpfn_0.140
0.5615550755939525,0.40598496853191324,0.6616666666666666,0.4548635409377187,0.7336343115124153,1429,blend_logreg_0.613_tabicl_0.257_tabpfn_0.130
0.5615550755939525,0.40781500923212183,0.6616666666666666,0.4548635409377187,0.7336343115124153,1429,blend_logreg_0.622_tabicl_0.248_tabpfn_0.130
0.5615550755939525,0.4083841900981591,0.6616666666666666,0.4548635409377187,0.7336343115124153,1429,blend_logreg_0.626_tabicl_0.244_tabpfn_0.130
0.5615550755939525,0.39974826630925997,0.6616666666666666,0.4548635409377187,0.7336343115124153,1429,blend_logreg_0.585_tabicl_0.295_tabpfn_0.120
0.5615550755939525,0.40729542633113064,0.6616666666666666,0.4548635409377187,0.7336343115124153,1429,blend_logreg_0.620_tabicl_0.260_tabpfn_0.120
0.5615550755939525,0.40808962064615445,0.6616666666666666,0.4548635409377187,0.7336343115124153,1429,blend_logreg_0.625_tabicl_0.255_tabpfn_0.120
0.5615550755939525,0.40130567913034776,0.6616666666666666,0.4548635409377187,0.7336343115124153,1429,blend_logreg_0.592_tabicl_0.278_tabpfn_0.130
0.5615550755939525,0.4069176431368888,0.6616666666666666,0.4548635409377187,0.7336343115124153,1429,blend_logreg_0.618_tabicl_0.252_tabpfn_0.130
0.5615550755939525,0.4074403733543473,0.6616666666666666,0.4548635409377187,0.7336343115124153,1429,blend_logreg_0.619_tabicl_0.241_tabpfn_0.140
0.5615418309242225,0.43085198590300494,0.6663333333333333,0.458840372226199,0.7234762979683973,1397,blend_logreg_0.713_tabicl_0.167_tabpfn_0.120
0.5615418309242225,0.4194103150336671,0.6663333333333333,0.458840372226199,0.7234762979683973,1397,blend_logreg_0.646_tabicl_0.284_tabpfn_0.070
0.5615418309242225,0.42037094889082577,0.6663333333333333,0.458840372226199,0.7234762979683973,1397,blend_logreg_0.651_tabicl_0.279_tabpfn_0.070
0.5615418309242225,0.4299629217631214,0.6663333333333333,0.458840372226199,0.7234762979683973,1397,blend_logreg_0.707_tabicl_0.193_tabpfn_0.100
0.5615418309242225,0.4322653483043973,0.6663333333333333,0.458840372226199,0.7234762979683973,1397,blend_logreg_0.722_tabicl_0.158_tabpfn_0.120
0.5615418309242225,0.4162682667371883,0.6663333333333333,0.458840372226199,0.7234762979683973,1397,blend_logreg_0.630_tabicl_0.310_tabpfn_0.060
0.5615114235500879,0.4183699361557822,0.6673333333333333,0.45971223021582736,0.7212189616252822,1390,blend_logreg_0.637_tabicl_0.293_tabpfn_0.070
0.5615114235500879,0.4196937522434788,0.6673333333333333,0.45971223021582736,0.7212189616252822,1390,blend_logreg_0.644_tabicl_0.296_tabpfn_0.060
0.5614950021729683,0.4342556117915206,0.6636666666666666,0.4565371024734982,0.7291196388261851,1415,blend_logreg_0.752_tabicl_0.128_tabpfn_0.120
0.5614646904969486,0.42191622756808517,0.6646666666666666,0.45738636363636365,0.7268623024830699,1408,blend_logreg_0.673_tabicl_0.237_tabpfn_0.090
0.5614646904969486,0.42628092011085456,0.6646666666666666,0.45738636363636365,0.7268623024830699,1408,blend_logreg_0.698_tabicl_0.202_tabpfn_0.100
0.5614646904969486,0.4244805863333647,0.6646666666666666,0.45738636363636365,0.7268623024830699,1408,blend_logreg_0.690_tabicl_0.200_tabpfn_0.110
0.5614646904969486,0.421128648380677,0.6646666666666666,0.45738636363636365,0.7268623024830699,1408,blend_logreg_0.671_tabicl_0.229_tabpfn_0.100
0.5614646904969486,0.4226069075958832,0.6646666666666666,0.45738636363636365,0.7268623024830699,1408,blend_logreg_0.676_tabicl_0.244_tabpfn_0.080
0.5614646904969486,0.4269547368820151,0.6646666666666666,0.45738636363636365,0.7268623024830699,1408,blend_logreg_0.702_tabicl_0.198_tabpfn_0.100
0.5614489003880984,0.40045005307065584,0.661,0.4542916957431961,0.7347629796839729,1433,blend_logreg_0.592_tabicl_0.319_tabpfn_0.090
0.5614489003880984,0.3993031481488098,0.661,0.4542916957431961,0.7347629796839729,1433,blend_logreg_0.585_tabicl_0.315_tabpfn_0.100
0.5614489003880984,0.39759140370871465,0.661,0.4542916957431961,0.7347629796839729,1433,blend_logreg_0.576_tabicl_0.304_tabpfn_0.120
0.5614489003880984,0.39989797719906695,0.661,0.4542916957431961,0.7347629796839729,1433,blend_logreg_0.590_tabicl_0.310_tabpfn_0.100
0.5614341932662877,0.42704171054914064,0.6656666666666666,0.4582441113490364,0.7246049661399548,1401,blend_logreg_0.696_tabicl_0.174_tabpfn_0.130
0.5614341932662877,0.4280259579652602,0.6656666666666666,0.4582441113490364,0.7246049661399548,1401,blend_logreg_0.700_tabicl_0.170_tabpfn_0.130
0.5614341932662877,0.42765939745712145,0.6656666666666666,0.4582441113490364,0.7246049661399548,1401,blend_logreg_0.699_tabicl_0.191_tabpfn_0.110
0.5614341932662877,0.4266525236636198,0.6656666666666666,0.4582441113490364,0.7246049661399548,1401,blend_logreg_0.694_tabicl_0.196_tabpfn_0.110
0.5614341932662877,0.4268697434837622,0.6656666666666666,0.4582441113490364,0.7246049661399548,1401,blend_logreg_0.695_tabicl_0.185_tabpfn_0.120
0.5614341932662877,0.42942865142578907,0.6656666666666666,0.4582441113490364,0.7246049661399548,1401,blend_logreg_0.708_tabicl_0.172_tabpfn_0.120
0.5614341932662877,0.4286513943093809,0.6656666666666666,0.4582441113490364,0.7246049661399548,1401,blend_logreg_0.705_tabicl_0.165_tabpfn_0.130
0.5614186851211073,0.40555528776966837,0.662,0.45511921458625526,0.7325056433408578,1426,blend_logreg_0.611_tabicl_0.329_tabpfn_0.060
0.5614186851211073,0.40660435099163494,0.662,0.45511921458625526,0.7325056433408578,1426,blend_logreg_0.614_tabicl_0.276_tabpfn_0.110
0.5614186851211073,0.40574157500595576,0.662,0.45511921458625526,0.7325056433408578,1426,blend_logreg_0.610_tabicl_0.280_tabpfn_0.110
0.5614186851211073,0.40514935293705284,0.662,0.45511921458625526,0.7325056433408578,1426,blend_logreg_0.607_tabicl_0.273_tabpfn_0.120
0.5614035087719298,0.43627068026511184,0.6666666666666666,0.45911047345767575,0.7223476297968398,1394,blend_logreg_0.740_tabicl_0.130_tabpfn_0.130
0.5614035087719298,0.4326500143405946,0.6666666666666666,0.45911047345767575,0.7223476297968398,1394,blend_logreg_0.722_tabicl_0.138_tabpfn_0.140
0.5614035087719298,0.41551844521122355,0.6666666666666666,0.45911047345767575,0.7223476297968398,1394,blend_logreg_0.625_tabicl_0.315_tabpfn_0.060
0.5614035087719298,0.4371271073300414,0.6666666666666666,0.45911047345767575,0.7223476297968398,1394,blend_logreg_0.744_tabicl_0.126_tabpfn_0.130
0.5614035087719298,0.4146004490688736,0.6666666666666666,0.45911047345767575,0.7223476297968398,1394,blend_logreg_0.620_tabicl_0.320_tabpfn_0.060
0.5614035087719298,0.43541425320018223,0.6666666666666666,0.45911047345767575,0.7223476297968398,1394,blend_logreg_0.735_tabicl_0.135_tabpfn_0.130
0.5614035087719298,0.43196294762973875,0.6666666666666666,0.45911047345767575,0.7223476297968398,1394,blend_logreg_0.718_tabicl_0.152_tabpfn_0.130
0.5614035087719298,0.4328449720053935,0.6666666666666666,0.45911047345767575,0.7223476297968398,1394,blend_logreg_0.722_tabicl_0.148_tabpfn_0.130
0.5614035087719298,0.42103862449153096,0.6666666666666666,0.45911047345767575,0.7223476297968398,1394,blend_logreg_0.653_tabicl_0.267_tabpfn_0.080
0.5614035087719298,0.43097870021361917,0.6666666666666666,0.45911047345767575,0.7223476297968398,1394,blend_logreg_0.713_tabicl_0.157_tabpfn_0.130
0.5613726352837659,0.41967091306427773,0.6676666666666666,0.45998558038932946,0.7200902934537246,1387,blend_logreg_0.642_tabicl_0.288_tabpfn_0.070
0.5613415710503089,0.42637233506064687,0.6686666666666666,0.4608695652173913,0.7178329571106095,1380,blend_logreg_0.667_tabicl_0.253_tabpfn_0.080
0.5613415710503089,0.4252897017252935,0.6686666666666666,0.4608695652173913,0.7178329571106095,1380,blend_logreg_0.662_tabicl_0.258_tabpfn_0.080
0.5613126079447323,0.4088948212965081,0.6613333333333333,0.45454545454545453,0.7336343115124153,1430,blend_logreg_0.629_tabicl_0.221_tabpfn_0.150
0.5613126079447323,0.4063520313283968,0.6613333333333333,0.45454545454545453,0.7336343115124153,1430,blend_logreg_0.616_tabicl_0.264_tabpfn_0.120
0.5613126079447323,0.4050522939269377,0.6613333333333333,0.45454545454545453,0.7336343115124153,1430,blend_logreg_0.609_tabicl_0.261_tabpfn_0.130
0.5613126079447323,0.4041196193219622,0.6613333333333333,0.45454545454545453,0.7336343115124153,1430,blend_logreg_0.605_tabicl_0.265_tabpfn_0.130
0.5613126079447323,0.40375255652547865,0.6613333333333333,0.45454545454545453,0.7336343115124153,1430,blend_logreg_0.602_tabicl_0.258_tabpfn_0.140
0.5613126079447323,0.40865259031494366,0.6613333333333333,0.45454545454545453,0.7336343115124153,1430,blend_logreg_0.628_tabicl_0.232_tabpfn_0.140
0.5613126079447323,0.40275659118500434,0.6613333333333333,0.45454545454545453,0.7336343115124153,1430,blend_logreg_0.598_tabicl_0.262_tabpfn_0.140
0.5613126079447323,0.4083387250480809,0.6613333333333333,0.45454545454545453,0.7336343115124153,1430,blend_logreg_0.625_tabicl_0.225_tabpfn_0.150
0.5613126079447323,0.4076251856770748,0.6613333333333333,0.45454545454545453,0.7336343115124153,1430,blend_logreg_0.621_tabicl_0.229_tabpfn_0.150
0.5613126079447323,0.4089334129262244,0.6613333333333333,0.45454545454545453,0.7336343115124153,1430,blend_logreg_0.632_tabicl_0.258_tabpfn_0.110
0.5613126079447323,0.40765176872985587,0.6613333333333333,0.45454545454545453,0.7336343115124153,1430,blend_logreg_0.623_tabicl_0.267_tabpfn_0.110
0.5613126079447323,0.40835114744257706,0.6613333333333333,0.45454545454545453,0.7336343115124153,1430,blend_logreg_0.627_tabicl_0.263_tabpfn_0.110
0.5613126079447323,0.4002237416966831,0.6613333333333333,0.45454545454545453,0.7336343115124153,1430,blend_logreg_0.587_tabicl_0.283_tabpfn_0.130
0.5613126079447323,0.4086653438209968,0.6613333333333333,0.45454545454545453,0.7336343115124153,1430,blend_logreg_0.629_tabicl_0.251_tabpfn_0.120
0.5613126079447323,0.4006916613119938,0.6613333333333333,0.45454545454545453,0.7336343115124153,1430,blend_logreg_0.590_tabicl_0.290_tabpfn_0.120
0.5613126079447323,0.39868577720483517,0.6613333333333333,0.45454545454545453,0.7336343115124153,1430,blend_logreg_0.581_tabicl_0.299_tabpfn_0.120
0.5613126079447323,0.40587476238181036,0.6613333333333333,0.45454545454545453,0.7336343115124153,1430,blend_logreg_0.612_tabicl_0.238_tabpfn_0.150
0.5613126079447323,0.4067499740294426,0.6613333333333333,0.45454545454545453,0.7336343115124153,1430,blend_logreg_0.616_tabicl_0.234_tabpfn_0.150
0.5613126079447323,0.4049995507341781,0.6613333333333333,0.45454545454545453,0.7336343115124153,1430,blend_logreg_0.608_tabicl_0.242_tabpfn_0.150
0.5612959719789843,0.4298869929693612,0.666,0.4585121602288984,0.7234762979683973,1398,blend_logreg_0.710_tabicl_0.150_tabpfn_0.140
0.5612959719789843,0.41964441580641537,0.666,0.4585121602288984,0.7234762979683973,1398,blend_logreg_0.649_tabicl_0.271_tabpfn_0.080
0.5612959719789843,0.4214557098287952,0.666,0.4585121602288984,0.7234762979683973,1398,blend_logreg_0.658_tabicl_0.262_tabpfn_0.080
0.5612959719789843,0.4237724806033889,0.666,0.4585121602288984,0.7234762979683973,1398,blend_logreg_0.672_tabicl_0.248_tabpfn_0.080
0.5612959719789843,0.42068372508005564,0.666,0.4585121602288984,0.7234762979683973,1398,blend_logreg_0.655_tabicl_0.255_tabpfn_0.090
0.5612648221343873,0.417901256095322,0.667,0.4593817397555715,0.7212189616252822,1391,blend_logreg_0.635_tabicl_0.285_tabpfn_0.080
0.5612334801762114,0.4183921924565784,0.668,0.4602601156069364,0.718961625282167,1384,blend_logreg_0.632_tabicl_0.298_tabpfn_0.070
0.5612200435729847,0.42136961617239227,0.6643333333333333,0.45706174591909154,0.7268623024830699,1409,blend_logreg_0.673_tabicl_0.207_tabpfn_0.120
0.5612200435729847,0.42078454588459685,0.6643333333333333,0.45706174591909154,0.7268623024830699,1409,blend_logreg_0.669_tabicl_0.241_tabpfn_0.090
0.5612068965517242,0.40188381891460173,0.6606666666666666,0.45397489539748953,0.7347629796839729,1434,blend_logreg_0.603_tabicl_0.317_tabpfn_0.080
0.5612068965517242,0.4024262058853954,0.6606666666666666,0.45397489539748953,0.7347629796839729,1434,blend_logreg_0.604_tabicl_0.326_tabpfn_0.070
0.5612068965517242,0.4008908980568343,0.6606666666666666,0.45397489539748953,0.7347629796839729,1434,blend_logreg_0.596_tabicl_0.314_tabpfn_0.090
0.5612068965517242,0.40143812947802565,0.6606666666666666,0.45397489539748953,0.7347629796839729,1434,blend_logreg_0.598_tabicl_0.322_tabpfn_0.080
0.5612068965517242,0.4028767397723691,0.6606666666666666,0.45397489539748953,0.7347629796839729,1434,blend_logreg_0.609_tabicl_0.321_tabpfn_0.070
0.5611888111888111,0.4191680212250104,0.6653333333333333,0.4579172610556348,0.7246049661399548,1402,blend_logreg_0.654_tabicl_0.236_tabpfn_0.110
0.5611888111888111,0.41845808382276717,0.6653333333333333,0.4579172610556348,0.7246049661399548,1402,blend_logreg_0.650_tabicl_0.240_tabpfn_0.110
0.5611888111888111,0.4198673465836357,0.6653333333333333,0.4579172610556348,0.7246049661399548,1402,blend_logreg_0.659_tabicl_0.231_tabpfn_0.110
0.5611888111888111,0.4163282716160375,0.6653333333333333,0.4579172610556348,0.7246049661399548,1402,blend_logreg_0.636_tabicl_0.254_tabpfn_0.110
0.5611888111888111,0.41774814642052394,0.6653333333333333,0.4579172610556348,0.7246049661399548,1402,blend_logreg_0.645_tabicl_0.245_tabpfn_0.110
0.5611888111888111,0.4211813003131665,0.6653333333333333,0.4579172610556348,0.7246049661399548,1402,blend_logreg_0.664_tabicl_0.246_tabpfn_0.090
0.5611888111888111,0.4205376062949544,0.6653333333333333,0.4579172610556348,0.7246049661399548,1402,blend_logreg_0.662_tabicl_0.238_tabpfn_0.100
0.5611888111888111,0.41703820901828076,0.6653333333333333,0.4579172610556348,0.7246049661399548,1402,blend_logreg_0.641_tabicl_0.249_tabpfn_0.110
0.5611888111888111,0.4198196920679669,0.6653333333333333,0.4579172610556348,0.7246049661399548,1402,blend_logreg_0.657_tabicl_0.243_tabpfn_0.100
0.5611888111888111,0.41838386361399177,0.6653333333333333,0.4579172610556348,0.7246049661399548,1402,blend_logreg_0.648_tabicl_0.252_tabpfn_0.100
0.5611888111888111,0.41766594938700424,0.6653333333333333,0.4579172610556348,0.7246049661399548,1402,blend_logreg_0.644_tabicl_0.256_tabpfn_0.100
0.5611888111888111,0.4191017778409793,0.6653333333333333,0.4579172610556348,0.7246049661399548,1402,blend_logreg_0.653_tabicl_0.247_tabpfn_0.100
0.5611888111888111,0.42045540926143465,0.6653333333333333,0.4579172610556348,0.7246049661399548,1402,blend_logreg_0.660_tabicl_0.250_tabpfn_0.090
0.5611888111888111,0.42786316682850506,0.6653333333333333,0.4579172610556348,0.7246049661399548,1402,blend_logreg_0.701_tabicl_0.159_tabpfn_0.140
0.5611888111888111,0.4271684248597548,0.6653333333333333,0.4579172610556348,0.7246049661399548,1402,blend_logreg_0.697_tabicl_0.163_tabpfn_0.140
0.5611888111888111,0.42605746313302095,0.6653333333333333,0.4579172610556348,0.7246049661399548,1402,blend_logreg_0.692_tabicl_0.178_tabpfn_0.130
0.5611759619541721,0.4053865091738921,0.6616666666666666,0.4548002803083392,0.7325056433408578,1427,blend_logreg_0.608_tabicl_0.292_tabpfn_0.100
0.5611759619541721,0.4060477580758722,0.6616666666666666,0.4548002803083392,0.7325056433408578,1427,blend_logreg_0.612_tabicl_0.308_tabpfn_0.080
0.5611759619541721,0.40621405541177447,0.6616666666666666,0.4548002803083392,0.7325056433408578,1427,blend_logreg_0.614_tabicl_0.316_tabpfn_0.070
0.5611759619541721,0.40544586566580976,0.6616666666666666,0.4548002803083392,0.7325056433408578,1427,blend_logreg_0.607_tabicl_0.313_tabpfn_0.080
0.5611759619541721,0.40624435845158,0.6616666666666666,0.4548002803083392,0.7325056433408578,1427,blend_logreg_0.612_tabicl_0.288_tabpfn_0.100
0.5611759619541721,0.4038093206322727,0.6616666666666666,0.4548002803083392,0.7325056433408578,1427,blend_logreg_0.601_tabicl_0.309_tabpfn_0.090
0.5611759619541721,0.40645354677756235,0.6616666666666666,0.4548002803083392,0.7325056433408578,1427,blend_logreg_0.614_tabicl_0.296_tabpfn_0.090
0.5611759619541721,0.4058581966763049,0.6616666666666666,0.4548002803083392,0.7325056433408578,1427,blend_logreg_0.610_tabicl_0.300_tabpfn_0.090
0.5611759619541721,0.4060554544075427,0.6616666666666666,0.4548002803083392,0.7325056433408578,1427,blend_logreg_0.612_tabicl_0.268_tabpfn_0.120
0.5611759619541721,0.4048208632482868,0.6616666666666666,0.4548002803083392,0.7325056433408578,1427,blend_logreg_0.605_tabicl_0.285_tabpfn_0.110
0.5611759619541721,0.404941002315761,0.6616666666666666,0.4548002803083392,0.7325056433408578,1427,blend_logreg_0.605_tabicl_0.305_tabpfn_0.090
0.5611759619541721,0.40433996406519157,0.6616666666666666,0.4548002803083392,0.7325056433408578,1427,blend_logreg_0.603_tabicl_0.297_tabpfn_0.100
0.5611759619541721,0.4032207184441592,0.6616666666666666,0.4548002803083392,0.7325056433408578,1427,blend_logreg_0.599_tabicl_0.301_tabpfn_0.100
0.5611759619541721,0.40415764468543786,0.6616666666666666,0.4548002803083392,0.7325056433408578,1427,blend_logreg_0.603_tabicl_0.277_tabpfn_0.120
0.5611759619541721,0.40371405368971036,0.6616666666666666,0.4548002803083392,0.7325056433408578,1427,blend_logreg_0.601_tabicl_0.289_tabpfn_0.110
0.5611573871109162,0.4136751140791796,0.6663333333333333,0.45878136200716846,0.7223476297968398,1395,blend_logreg_0.616_tabicl_0.324_tabpfn_0.060
0.5611573871109162,0.4309568481892395,0.6663333333333333,0.45878136200716846,0.7223476297968398,1395,blend_logreg_0.714_tabicl_0.146_tabpfn_0.140
0.5611573871109162,0.41737645403795576,0.6663333333333333,0.45878136200716846,0.7223476297968398,1395,blend_logreg_0.634_tabicl_0.305_tabpfn_0.060
0.5611573871109162,0.4302756908106047,0.6663333333333333,0.45878136200716846,0.7223476297968398,1395,blend_logreg_0.709_tabicl_0.161_tabpfn_0.130
0.5611573871109162,0.4334965974162721,0.6663333333333333,0.45878136200716846,0.7223476297968398,1395,blend_logreg_0.727_tabicl_0.133_tabpfn_0.140
0.5611573871109162,0.4351897635676272,0.6663333333333333,0.45878136200716846,0.7223476297968398,1395,blend_logreg_0.735_tabicl_0.125_tabpfn_0.140
0.5611573871109162,0.43180343126491705,0.6663333333333333,0.45878136200716846,0.7223476297968398,1395,blend_logreg_0.718_tabicl_0.142_tabpfn_0.140
0.5611573871109162,0.4343431804919497,0.6663333333333333,0.45878136200716846,0.7223476297968398,1395,blend_logreg_0.731_tabicl_0.129_tabpfn_0.140
0.5610820244328097,0.4206112809026095,0.6646666666666666,0.457325746799431,0.7257336343115124,1406,blend_logreg_0.668_tabicl_0.222_tabpfn_0.110
0.5610820244328097,0.4227121601975589,0.6646666666666666,0.457325746799431,0.7257336343115124,1406,blend_logreg_0.678_tabicl_0.202_tabpfn_0.120
0.561070349589987,0.4041243390865459,0.661,0.45422781271837875,0.7336343115124153,1431,blend_logreg_0.604_tabicl_0.246_tabpfn_0.150
0.561070349589987,0.40669765332936364,0.661,0.45422781271837875,0.7336343115124153,1431,blend_logreg_0.619_tabicl_0.271_tabpfn_0.110
0.561070349589987,0.40192707632690283,0.661,0.45422781271837875,0.7336343115124153,1431,blend_logreg_0.596_tabicl_0.294_tabpfn_0.110
0.561070349589987,0.40307582155617266,0.661,0.45422781271837875,0.7336343115124153,1431,blend_logreg_0.599_tabicl_0.251_tabpfn_0.150
0.561070349589987,0.4020187562474199,0.661,0.45422781271837875,0.7336343115124153,1431,blend_logreg_0.595_tabicl_0.255_tabpfn_0.150
0.561070349589987,0.40859958962138954,0.661,0.45422781271837875,0.7336343115124153,1431,blend_logreg_0.630_tabicl_0.270_tabpfn_0.100
0.561070349589987,0.40798667033306435,0.661,0.45422781271837875,0.7336343115124153,1431,blend_logreg_0.626_tabicl_0.274_tabpfn_0.100
0.561070349589987,0.4056333213716299,0.661,0.45422781271837875,0.7336343115124153,1431,blend_logreg_0.616_tabicl_0.304_tabpfn_0.080
0.561070349589987,0.4078657333780645,0.661,0.45422781271837875,0.7336343115124153,1431,blend_logreg_0.628_tabicl_0.302_tabpfn_0.070
0.561070349589987,0.40661959796539704,0.661,0.45422781271837875,0.7336343115124153,1431,blend_logreg_0.621_tabicl_0.299_tabpfn_0.080
0.561070349589987,0.408455327716122,0.661,0.45422781271837875,0.7336343115124153,1431,blend_logreg_0.630_tabicl_0.290_tabpfn_0.080
0.561070349589987,0.4068687363865389,0.661,0.45422781271837875,0.7336343115124153,1431,blend_logreg_0.623_tabicl_0.307_tabpfn_0.070
0.561070349589987,0.40123281974531083,0.661,0.45422781271837875,0.7336343115124153,1431,blend_logreg_0.594_tabicl_0.306_tabpfn_0.100
0.561070349589987,0.40921522887217604,0.661,0.45422781271837875,0.7336343115124153,1431,blend_logreg_0.632_tabicl_0.228_tabpfn_0.140
0.561070349589987,0.4076058745591643,0.661,0.45422781271837875,0.7336343115124153,1431,blend_logreg_0.626_tabicl_0.294_tabpfn_0.080
0.561070349589987,0.40318694471698674,0.661,0.45422781271837875,0.7336343115124153,1431,blend_logreg_0.600_tabicl_0.270_tabpfn_0.130
0.561070349589987,0.40225427011201126,0.661,0.45422781271837875,0.7336343115124153,1431,blend_logreg_0.596_tabicl_0.274_tabpfn_0.130
0.561070349589987,0.4089533709641964,0.661,0.45422781271837875,0.7336343115124153,1431,blend_logreg_0.631_tabicl_0.239_tabpfn_0.130
0.561070349589987,0.4070218345348139,0.661,0.45422781271837875,0.7336343115124153,1431,blend_logreg_0.621_tabicl_0.279_tabpfn_0.100
0.561070349589987,0.40605699873656337,0.661,0.45422781271837875,0.7336343115124153,1431,blend_logreg_0.617_tabicl_0.283_tabpfn_0.100
0.561070349589987,0.4082395970813346,0.661,0.45422781271837875,0.7336343115124153,1431,blend_logreg_0.628_tabicl_0.282_tabpfn_0.090
0.561070349589987,0.4063490187487386,0.661,0.45422781271837875,0.7336343115124153,1431,blend_logreg_0.619_tabicl_0.291_tabpfn_0.090
0.561070349589987,0.4073245749447474,0.661,0.45422781271837875,0.7336343115124153,1431,blend_logreg_0.623_tabicl_0.287_tabpfn_0.090
0.561070349589987,0.3969180813010585,0.661,0.45422781271837875,0.7336343115124153,1431,blend_logreg_0.572_tabicl_0.308_tabpfn_0.120
0.561070349589987,0.4016350563147276,0.661,0.45422781271837875,0.7336343115124153,1431,blend_logreg_0.594_tabicl_0.286_tabpfn_0.120
0.561070349589987,0.4009729609264106,0.661,0.45422781271837875,0.7336343115124153,1431,blend_logreg_0.592_tabicl_0.298_tabpfn_0.110
0.561070349589987,0.4000188455259185,0.661,0.45422781271837875,0.7336343115124153,1431,blend_logreg_0.587_tabicl_0.303_tabpfn_0.110
0.561070349589987,0.40257845131746145,0.661,0.45422781271837875,0.7336343115124153,1431,blend_logreg_0.598_tabicl_0.282_tabpfn_0.120
0.5610503282275712,0.4188981947435009,0.6656666666666666,0.4581844174410293,0.7234762979683973,1399,blend_logreg_0.646_tabicl_0.264_tabpfn_0.090
0.5610503282275712,0.41800239172156306,0.6656666666666666,0.4581844174410293,0.7234762979683973,1399,blend_logreg_0.642_tabicl_0.268_tabpfn_0.090
0.5610503282275712,0.4187387687952254,0.6656666666666666,0.4581844174410293,0.7234762979683973,1399,blend_logreg_0.644_tabicl_0.276_tabpfn_0.080
0.5610503282275712,0.42911429331461204,0.6656666666666666,0.4581844174410293,0.7234762979683973,1399,blend_logreg_0.705_tabicl_0.155_tabpfn_0.140
0.5610503282275712,0.41979399776543874,0.6656666666666666,0.4581844174410293,0.7234762979683973,1399,blend_logreg_0.651_tabicl_0.259_tabpfn_0.090
0.5610297381269419,0.41522792161120897,0.6703333333333333,0.46232626188734455,0.7133182844243793,1367,blend_logreg_0.589_tabicl_0.271_tabpfn_0.140
0.5610297381269419,0.41440101651925204,0.6703333333333333,0.46232626188734455,0.7133182844243793,1367,blend_logreg_0.585_tabicl_0.275_tabpfn_0.140
0.5610184372256365,0.42550453846797714,0.6666666666666666,0.45905172413793105,0.7212189616252822,1392,blend_logreg_0.679_tabicl_0.181_tabpfn_0.140
0.5610184372256365,0.4250328127958716,0.6666666666666666,0.45905172413793105,0.7212189616252822,1392,blend_logreg_0.675_tabicl_0.185_tabpfn_0.140
0.5610184372256365,0.41875639212255844,0.6666666666666666,0.45905172413793105,0.7212189616252822,1392,blend_logreg_0.639_tabicl_0.281_tabpfn_0.080
0.5610184372256365,0.4257881291833447,0.6666666666666666,0.45905172413793105,0.7212189616252822,1392,blend_logreg_0.679_tabicl_0.191_tabpfn_0.130
0.5610184372256365,0.42647406731667326,0.6666666666666666,0.45905172413793105,0.7212189616252822,1392,blend_logreg_0.682_tabicl_0.198_tabpfn_0.120
0.5610184372256365,0.426265340037684,0.6666666666666666,0.45905172413793105,0.7212189616252822,1392,blend_logreg_0.683_tabicl_0.187_tabpfn_0.130
0.5610184372256365,0.4249829420062565,0.6666666666666666,0.45905172413793105,0.7212189616252822,1392,blend_logreg_0.674_tabicl_0.196_tabpfn_0.130
0.5609756097560976,0.4205732471272458,0.664,0.45673758865248226,0.7268623024830699,1410,blend_logreg_0.669_tabicl_0.211_tabpfn_0.120
0.5609651012494614,0.3969779293956893,0.6603333333333333,0.45365853658536587,0.7347629796839729,1435,blend_logreg_0.574_tabicl_0.296_tabpfn_0.130
0.5609436435124509,0.4212555205219419,0.665,0.45759087669280113,0.7246049661399548,1403,blend_logreg_0.666_tabicl_0.234_tabpfn_0.100
0.5609436435124509,0.4169480351600167,0.665,0.45759087669280113,0.7246049661399548,1403,blend_logreg_0.639_tabicl_0.261_tabpfn_0.100
0.5609436435124509,0.4261954906323262,0.665,0.45759087669280113,0.7246049661399548,1403,blend_logreg_0.692_tabicl_0.168_tabpfn_0.140
0.560933448573898,0.4123318936182152,0.6613333333333333,0.45448179271708683,0.7325056433408578,1428,blend_logreg_0.647_tabicl_0.233_tabpfn_0.120
0.560933448573898,0.4129858725646366,0.6613333333333333,0.45448179271708683,0.7325056433408578,1428,blend_logreg_0.651_tabicl_0.229_tabpfn_0.120
0.560933448573898,0.40991634192956544,0.6613333333333333,0.45448179271708683,0.7325056433408578,1428,blend_logreg_0.635_tabicl_0.265_tabpfn_0.100
0.560933448573898,0.4106483415567907,0.6613333333333333,0.45448179271708683,0.7325056433408578,1428,blend_logreg_0.635_tabicl_0.235_tabpfn_0.130
0.560933448573898,0.4127751454711596,0.6613333333333333,0.45448179271708683,0.7325056433408578,1428,blend_logreg_0.648_tabicl_0.222_tabpfn_0.130
0.560933448573898,0.4121285981036748,0.6613333333333333,0.45448179271708683,0.7325056433408578,1428,blend_logreg_0.644_tabicl_0.226_tabpfn_0.130
0.560933448573898,0.3994562462970848,0.6613333333333333,0.45448179271708683,0.7325056433408578,1428,blend_logreg_0.583_tabicl_0.287_tabpfn_0.130
0.560933448573898,0.41382778679690574,0.6613333333333333,0.45448179271708683,0.7325056433408578,1428,blend_logreg_0.654_tabicl_0.206_tabpfn_0.140
0.560933448573898,0.4101256113393321,0.6613333333333333,0.45448179271708683,0.7325056433408578,1428,blend_logreg_0.634_tabicl_0.246_tabpfn_0.120
0.560933448573898,0.4116779146717938,0.6613333333333333,0.45448179271708683,0.7325056433408578,1428,blend_logreg_0.642_tabicl_0.238_tabpfn_0.120
0.560933448573898,0.4110239357253724,0.6613333333333333,0.45448179271708683,0.7325056433408578,1428,blend_logreg_0.638_tabicl_0.242_tabpfn_0.120
0.560933448573898,0.4135176881268624,0.6613333333333333,0.45448179271708683,0.7325056433408578,1428,blend_logreg_0.650_tabicl_0.200_tabpfn_0.150
0.560933448573898,0.4148358386490323,0.6613333333333333,0.45448179271708683,0.7325056433408578,1428,blend_logreg_0.659_tabicl_0.191_tabpfn_0.150
0.560933448573898,0.4128389863546108,0.6613333333333333,0.45448179271708683,0.7325056433408578,1428,blend_logreg_0.646_tabicl_0.204_tabpfn_0.150
0.560933448573898,0.414196389899114,0.6613333333333333,0.45448179271708683,0.7325056433408578,1428,blend_logreg_0.655_tabicl_0.195_tabpfn_0.150
0.560933448573898,0.41546752285864386,0.6613333333333333,0.45448179271708683,0.7325056433408578,1428,blend_logreg_0.663_tabicl_0.187_tabpfn_0.150
0.560933448573898,0.414466902585454,0.6613333333333333,0.45448179271708683,0.7325056433408578,1428,blend_logreg_0.658_tabicl_0.202_tabpfn_0.140
0.560933448573898,0.4118227878735955,0.6613333333333333,0.45448179271708683,0.7325056433408578,1428,blend_logreg_0.641_tabicl_0.219_tabpfn_0.140
0.560933448573898,0.41250947437257945,0.6613333333333333,0.45448179271708683,0.7325056433408578,1428,blend_logreg_0.645_tabicl_0.215_tabpfn_0.140
0.560933448573898,0.41098719519554333,0.6613333333333333,0.45448179271708683,0.7325056433408578,1428,blend_logreg_0.636_tabicl_0.224_tabpfn_0.140
0.560933448573898,0.41145335225790236,0.6613333333333333,0.45448179271708683,0.7325056433408578,1428,blend_logreg_0.639_tabicl_0.231_tabpfn_0.130
0.5609114811568799,0.4269366563339124,0.666,0.4584527220630373,0.7223476297968398,1396,blend_logreg_0.691_tabicl_0.189_tabpfn_0.120
0.5609114811568799,0.43325241980521284,0.666,0.4584527220630373,0.7223476297968398,1396,blend_logreg_0.727_tabicl_0.123_tabpfn_0.150
0.5608791208791208,0.4237728446910997,0.667,0.45932325413966885,0.7200902934537246,1389,blend_logreg_0.664_tabicl_0.216_tabpfn_0.120
0.5608373310074138,0.42411608135255674,0.6643333333333333,0.457000710732054,0.7257336343115124,1407,blend_logreg_0.686_tabicl_0.194_tabpfn_0.120
0.5608283002588438,0.4105631100417899,0.6606666666666666,0.45391061452513964,0.7336343115124153,1432,blend_logreg_0.642_tabicl_0.208_tabpfn_0.150
0.5608283002588438,0.40883494718259206,0.6606666666666666,0.45391061452513964,0.7336343115124153,1432,blend_logreg_0.632_tabicl_0.278_tabpfn_0.090
0.5608283002588438,0.4100070137933627,0.6606666666666666,0.45391061452513964,0.7336343115124153,1432,blend_logreg_0.638_tabicl_0.212_tabpfn_0.150
0.5608283002588438,0.40945091754493546,0.6606666666666666,0.45391061452513964,0.7336343115124153,1432,blend_logreg_0.633_tabicl_0.217_tabpfn_0.150
0.5608283002588438,0.4114657831011051,0.6606666666666666,0.45391061452513964,0.7336343115124153,1432,blend_logreg_0.649_tabicl_0.211_tabpfn_0.140
0.5608283002588438,0.40168708981379564,0.6606666666666666,0.45391061452513964,0.7336343115124153,1432,blend_logreg_0.593_tabicl_0.267_tabpfn_0.140
0.5608283002588438,0.40943029728384944,0.6606666666666666,0.45391061452513964,0.7336343115124153,1432,blend_logreg_0.637_tabicl_0.273_tabpfn_0.090
0.5608283002588438,0.3957255478771828,0.6606666666666666,0.45391061452513964,0.7336343115124153,1432,blend_logreg_0.566_tabicl_0.304_tabpfn_0.130
0.5608283002588438,0.39665822248215826,0.6606666666666666,0.45391061452513964,0.7336343115124153,1432,blend_logreg_0.570_tabicl_0.300_tabpfn_0.130
0.5608283002588438,0.40587173939501336,0.6606666666666666,0.45391061452513964,0.7336343115124153,1432,blend_logreg_0.618_tabicl_0.312_tabpfn_0.070
0.5608048993875766,0.4289474091248018,0.6653333333333333,0.45785714285714285,0.7234762979683973,1400,blend_logreg_0.706_tabicl_0.144_tabpfn_0.150
0.5607808340727596,0.41320221190856304,0.67,0.4619883040935672,0.7133182844243793,1368,blend_logreg_0.578_tabicl_0.272_tabpfn_0.150
0.5607808340727596,0.4139413414761949,0.67,0.4619883040935672,0.7133182844243793,1368,blend_logreg_0.582_tabicl_0.268_tabpfn_0.150
0.5607808340727596,0.41351330033697636,0.67,0.4619883040935672,0.7133182844243793,1368,blend_logreg_0.581_tabicl_0.279_tabpfn_0.140
0.5607808340727596,0.4121822308312307,0.67,0.4619883040935672,0.7133182844243793,1368,blend_logreg_0.574_tabicl_0.276_tabpfn_0.150
0.5607808340727596,0.4129057057395461,0.67,0.4619883040935672,0.7133182844243793,1368,blend_logreg_0.579_tabicl_0.291_tabpfn_0.130
0.5607808340727596,0.41262558415470063,0.67,0.4619883040935672,0.7133182844243793,1368,blend_logreg_0.576_tabicl_0.284_tabpfn_0.140
0.5607722685388328,0.43205799160929287,0.6663333333333333,0.4587221823402728,0.7212189616252822,1393,blend_logreg_0.718_tabicl_0.132_tabpfn_0.150
0.5607722685388328,0.43301961264803046,0.6663333333333333,0.4587221823402728,0.7212189616252822,1393,blend_logreg_0.723_tabicl_0.127_tabpfn_0.150
0.5607722685388328,0.4242911829821694,0.6663333333333333,0.4587221823402728,0.7212189616252822,1393,blend_logreg_0.671_tabicl_0.189_tabpfn_0.140
0.5607722685388328,0.4234918166958398,0.6663333333333333,0.4587221823402728,0.7212189616252822,1393,blend_logreg_0.667_tabicl_0.193_tabpfn_0.140
0.5607722685388328,0.42417428076310915,0.6663333333333333,0.4587221823402728,0.7212189616252822,1393,blend_logreg_0.670_tabicl_0.200_tabpfn_0.130
0.5607722685388328,0.4267425508920234,0.6663333333333333,0.4587221823402728,0.7212189616252822,1393,blend_logreg_0.687_tabicl_0.183_tabpfn_0.130
0.5607638888888888,0.42162857203919063,0.6626666666666666,0.45557122708039494,0.7291196388261851,1418,blend_logreg_0.689_tabicl_0.161_tabpfn_0.150
0.5607638888888888,0.4216132942585606,0.6626666666666666,0.45557122708039494,0.7291196388261851,1418,blend_logreg_0.688_tabicl_0.172_tabpfn_0.140
0.5607638888888888,0.4207277860033091,0.6626666666666666,0.45557122708039494,0.7291196388261851,1418,blend_logreg_0.684_tabicl_0.176_tabpfn_0.140
0.5606986899563319,0.4262882653768673,0.6646666666666666,0.45726495726495725,0.7246049661399548,1404,blend_logreg_0.693_tabicl_0.157_tabpfn_0.150
0.5606986899563319,0.4270639689831617,0.6646666666666666,0.45726495726495725,0.7246049661399548,1404,blend_logreg_0.697_tabicl_0.153_tabpfn_0.150
0.5606986899563319,0.420526380833597,0.6646666666666666,0.45726495726495725,0.7246049661399548,1404,blend_logreg_0.663_tabicl_0.227_tabpfn_0.110
0.5606911447084233,0.4140682402061292,0.661,0.4541637508747376,0.7325056433408578,1429,blend_logreg_0.657_tabicl_0.213_tabpfn_0.130
0.5606911447084233,0.41510601837400213,0.661,0.4541637508747376,0.7325056433408578,1429,blend_logreg_0.662_tabicl_0.198_tabpfn_0.140
0.5606911447084233,0.4006234924960169,0.661,0.4541637508747376,0.7325056433408578,1429,blend_logreg_0.587_tabicl_0.263_tabpfn_0.150
0.5606911447084233,0.4134216928386444,0.661,0.4541637508747376,0.7325056433408578,1429,blend_logreg_0.653_tabicl_0.217_tabpfn_0.130
0.5606911447084233,0.4160992070682555,0.661,0.4541637508747376,0.7325056433408578,1429,blend_logreg_0.667_tabicl_0.183_tabpfn_0.150
0.5606911447084233,0.40149870414364913,0.661,0.4541637508747376,0.7325056433408578,1429,blend_logreg_0.591_tabicl_0.259_tabpfn_0.150
0.5606326889279437,0.4240714997970034,0.6666666666666666,0.4589928057553957,0.7200902934537246,1390,blend_logreg_0.666_tabicl_0.204_tabpfn_0.130
0.560625814863103,0.4242542069820873,0.663,0.4558303886925795,0.7279909706546276,1415,blend_logreg_0.701_tabicl_0.149_tabpfn_0.150
0.560625814863103,0.4260046302773518,0.663,0.4558303886925795,0.7279909706546276,1415,blend_logreg_0.710_tabicl_0.140_tabpfn_0.150
0.560625814863103,0.42687984192498407,0.663,0.4558303886925795,0.7279909706546276,1415,blend_logreg_0.714_tabicl_0.136_tabpfn_0.150
0.5605864596808969,0.3954549686605243,0.6603333333333333,0.45359385903698535,0.7336343115124153,1433,blend_logreg_0.563_tabicl_0.297_tabpfn_0.140
0.5605864596808969,0.396342916502188,0.6603333333333333,0.45359385903698535,0.7336343115124153,1433,blend_logreg_0.568_tabicl_0.292_tabpfn_0.140
0.5605864596808969,0.39675953923637874,0.6603333333333333,0.45359385903698535,0.7336343115124153,1433,blend_logreg_0.572_tabicl_0.288_tabpfn_0.140
0.5605864596808969,0.39575692947781616,0.6603333333333333,0.45359385903698535,0.7336343115124153,1433,blend_logreg_0.565_tabicl_0.285_tabpfn_0.150
0.5605864596808969,0.3951629486483491,0.6603333333333333,0.45359385903698535,0.7336343115124153,1433,blend_logreg_0.561_tabicl_0.289_tabpfn_0.150
0.5605864596808969,0.39616870776160934,0.6603333333333333,0.45359385903698535,0.7336343115124153,1433,blend_logreg_0.570_tabicl_0.280_tabpfn_0.150
0.5605263157894737,0.4225569582768143,0.666,0.4583931133428981,0.7212189616252822,1394,blend_logreg_0.661_tabicl_0.209_tabpfn_0.130
0.5605263157894737,0.42238428631684716,0.666,0.4583931133428981,0.7212189616252822,1394,blend_logreg_0.660_tabicl_0.220_tabpfn_0.120
0.5605263157894737,0.4215663301168819,0.666,0.4583931133428981,0.7212189616252822,1394,blend_logreg_0.656_tabicl_0.224_tabpfn_0.120
0.5605206073752711,0.42075336039155836,0.6623333333333333,0.45525017618040875,0.7291196388261851,1419,blend_logreg_0.684_tabicl_0.166_tabpfn_0.150
0.5604490500863558,0.4179942596970902,0.6606666666666666,0.45384615384615384,0.7325056433408578,1430,blend_logreg_0.680_tabicl_0.170_tabpfn_0.150
0.5604490500863558,0.4173625754874786,0.6606666666666666,0.45384615384615384,0.7325056433408578,1430,blend_logreg_0.676_tabicl_0.174_tabpfn_0.150
0.5604490500863558,0.3950480466010174,0.6606666666666666,0.45384615384615384,0.7325056433408578,1430,blend_logreg_0.559_tabicl_0.301_tabpfn_0.140
0.5604490500863558,0.41673089127786705,0.6606666666666666,0.45384615384615384,0.7325056433408578,1430,blend_logreg_0.672_tabicl_0.178_tabpfn_0.150
0.5603448275862069,0.39425171483889027,0.66,0.45327754532775455,0.7336343115124153,1434,blend_logreg_0.557_tabicl_0.293_tabpfn_0.150
0.5601420328450954,0.40793784850204434,0.6696666666666666,0.4615947329919532,0.7121896162528216,1367,blend_logreg_0.552_tabicl_0.297_tabpfn_0.150
