User_ID,true_converted,predicted_probability,Converted
100001,1,0.11881249,0
100002,0,0.41254276,1
100003,1,0.29561993,1
100004,0,0.09936843,0
100005,0,0.059310324,0
100006,1,0.64844847,1
100007,1,0.6793753,1
100008,0,0.061697267,0
100009,0,0.06264463,0
100010,0,0.16421019,0
100011,1,0.44662476,1
100012,0,0.11950137,0
100013,0,0.17777988,0
100014,0,0.04567889,0
100015,0,0.11010526,0
100016,0,0.4545541,1
100017,0,0.5025126,1
100018,0,0.4867524,1
100019,0,0.052370198,0
100020,1,0.4825866,1
100021,1,0.31045887,1
100022,0,0.25952873,1
100023,0,0.03815898,0
100024,0,0.14353943,0
100025,1,0.52099746,1
100026,1,0.3049242,1
100027,0,0.17523207,0
100028,1,0.55872136,1
100029,0,0.4503769,1
100030,0,0.050918803,0
100031,1,0.50728804,1
100032,1,0.38851488,1
100033,1,0.5891015,1
100034,1,0.5788747,1
100035,1,0.3657144,1
100036,1,0.4515201,1
100037,0,0.034924686,0
100038,0,0.13437761,0
100039,0,0.21256825,0
100040,0,0.05305115,0
100041,0,0.102633215,0
100042,0,0.5716755,1
100043,0,0.048105296,0
100044,0,0.30514538,1
100045,0,0.28901666,1
100046,0,0.6723539,1
100047,0,0.038627893,0
100048,0,0.38362885,1
100049,0,0.3762226,1
100050,0,0.35064128,1
100051,0,0.37226516,1
100052,0,0.11249648,0
100053,0,0.4353982,1
100054,1,0.50378984,1
100055,0,0.54482067,1
100056,1,0.36173567,1
100057,0,0.31912792,1
100058,0,0.101786405,0
100059,0,0.19651765,0
100060,0,0.64902866,1
100061,0,0.19453044,0
100062,0,0.36492658,1
100063,1,0.28993198,1
100064,1,0.44169056,1
100065,1,0.049018215,0
100066,1,0.46324703,1
100067,0,0.38558432,1
100068,0,0.22486186,1
100069,1,0.32277423,1
100070,0,0.16302748,0
100071,0,0.087558515,0
100072,0,0.043452725,0
100073,0,0.70560145,1
100074,0,0.1170617,0
100075,0,0.45847136,1
100076,1,0.10537701,0
100077,0,0.042290293,0
100078,0,0.14181407,0
100079,0,0.024136432,0
100080,1,0.61540985,1
100081,0,0.3625765,1
100082,0,0.5470934,1
100083,1,0.5871027,1
100084,0,0.048749976,0
100085,1,0.1838883,0
100086,0,0.47041628,1
100087,0,0.19229874,0
100088,0,0.025693957,0
100089,0,0.3907363,1
100090,0,0.46447608,1
100091,0,0.21780215,0
100092,0,0.47283265,1
100093,1,0.30816785,1
100094,1,0.35252032,1
100095,0,0.6740773,1
100096,0,0.2194923,0
100097,1,0.5294245,1
100098,1,0.28322574,1
100099,1,0.42070574,1
100100,0,0.21630262,0
100101,0,0.49843466,1
100102,1,0.58150256,1
100103,0,0.07414482,0
100104,1,0.2769559,1
100105,1,0.5215114,1
100106,0,0.16888642,0
100107,0,0.47624353,1
100108,0,0.6245821,1
100109,0,0.17908531,0
100110,0,0.06099127,0
100111,0,0.30655694,1
100112,0,0.43001267,1
100113,1,0.5662861,1
100114,0,0.416347,1
100115,0,0.051796027,0
100116,0,0.29852945,1
100117,0,0.042912126,0
100118,1,0.22440799,1
100119,1,0.70130014,1
100120,0,0.39855543,1
100121,0,0.48087054,1
100122,1,0.56031686,1
100123,1,0.4986976,1
100124,0,0.57924825,1
100125,0,0.2721207,1
100126,0,0.4267425,1
100127,1,0.54066825,1
100128,1,0.51218086,1
100129,0,0.034826834,0
100130,0,0.023180485,0
100131,0,0.37250793,1
100132,0,0.48989436,1
100133,0,0.37941596,1
100134,0,0.18138307,0
100135,0,0.054257922,0
100136,0,0.030052973,0
100137,0,0.1383688,0
100138,0,0.29318893,1
100139,1,0.6789042,1
100140,0,0.029257733,0
100141,0,0.20893335,0
100142,0,0.3233469,1
100143,1,0.41311306,1
100144,0,0.26498875,1
100145,0,0.71164405,1
100146,0,0.21217404,0
100147,0,0.2664615,1
100148,0,0.47185457,1
100149,0,0.18209687,0
100150,1,0.37602982,1
100151,0,0.5205327,1
100152,0,0.28827938,1
100153,0,0.23156798,1
100154,0,0.13984087,0
100155,0,0.045879297,0
100156,0,0.40686244,1
100157,0,0.061663136,0
100158,0,0.23129876,1
100159,0,0.2843247,1
100160,0,0.12501283,0
100161,0,0.15777111,0
100162,1,0.3211103,1
100163,0,0.035451762,0
100164,0,0.68924993,1
100165,0,0.067160875,0
100166,0,0.3129267,1
100167,1,0.47687656,1
100168,0,0.37669587,1
100169,1,0.4499169,1
100170,1,0.26920876,1
100171,0,0.15845364,0
100172,1,0.2873018,1
100173,1,0.31556332,1
100174,1,0.42354363,1
100175,1,0.43856564,1
100176,0,0.50029474,1
100177,0,0.10682746,0
100178,0,0.1628372,0
100179,1,0.49127364,1
100180,0,0.40329456,1
100181,1,0.46491665,1
100182,1,0.35748553,1
100183,0,0.05926659,0
100184,1,0.4162971,1
100185,0,0.5017145,1
100186,0,0.20468946,0
100187,1,0.5344621,1
100188,0,0.12638181,0
100189,1,0.28647965,1
100190,1,0.10996537,0
100191,0,0.29450187,1
100192,0,0.2996257,1
100193,1,0.15023476,0
100194,0,0.06042768,0
100195,0,0.4085658,1
100196,1,0.22809786,1
100197,0,0.16905418,0
100198,0,0.5160922,1
100199,1,0.5137725,1
100200,0,0.16811714,0
100201,0,0.37097883,1
100202,0,0.0252322,0
100203,1,0.25315642,1
100204,1,0.05612894,0
100205,0,0.349809,1
100206,0,0.25781402,1
100207,0,0.08485183,0
100208,0,0.104934126,0
100209,0,0.360937,1
100210,0,0.03874267,0
100211,0,0.082752734,0
100212,0,0.07949166,0
100213,0,0.39375985,1
100214,0,0.27261117,1
100215,1,0.13410145,0
100216,0,0.047854833,0
100217,1,0.34230253,1
100218,0,0.4279883,1
100219,0,0.112206206,0
100220,0,0.05084739,0
100221,1,0.48100534,1
100222,1,0.4638044,1
100223,0,0.16501583,0
100224,0,0.12496316,0
100225,0,0.17249034,0
100226,1,0.5798642,1
100227,0,0.5878021,1
100228,1,0.60503197,1
100229,1,0.4789231,1
100230,1,0.56399,1
100231,0,0.025215514,0
100232,0,0.37568823,1
100233,0,0.36269715,1
100234,1,0.23284796,1
100235,0,0.06866604,0
100236,0,0.25186223,1
100237,1,0.6696993,1
100238,0,0.027710073,0
100239,0,0.26357794,1
100240,1,0.42031088,1
100241,0,0.030307522,0
100242,0,0.22955577,1
100243,1,0.08333803,0
100244,0,0.4446738,1
100245,0,0.16667955,0
100246,0,0.03247216,0
100247,0,0.62164783,1
100248,0,0.17808953,0
100249,0,0.048802294,0
100250,1,0.4590745,1
100251,1,0.52138424,1
100252,0,0.06597337,0
100253,0,0.5552489,1
100254,0,0.06280646,0
100255,0,0.034564275,0
100256,0,0.34726676,1
100257,0,0.22328334,1
100258,1,0.57616246,1
100259,0,0.3763274,1
100260,0,0.44113144,1
100261,0,0.08474961,0
100262,1,0.64513373,1
100263,1,0.6223722,1
100264,1,0.53902495,1
100265,1,0.6257683,1
100266,0,0.051468052,0
100267,0,0.52795935,1
100268,0,0.3259241,1
100269,0,0.048925363,0
100270,1,0.17747997,0
100271,0,0.19974172,0
100272,0,0.27267906,1
100273,0,0.11656961,0
100274,1,0.46194384,1
100275,0,0.25154588,1
100276,0,0.18171835,0
100277,1,0.47424895,1
100278,1,0.47968546,1
100279,1,0.5209322,1
100280,0,0.41738182,1
100281,0,0.5328531,1
100282,0,0.28224608,1
100283,0,0.049937382,0
100284,0,0.24259773,1
100285,0,0.050627194,0
100286,0,0.6283695,1
100287,1,0.162949,0
100288,1,0.42606306,1
100289,1,0.25877705,1
100290,0,0.08011769,0
100291,0,0.41429502,1
100292,0,0.18601394,0
100293,1,0.38898683,1
100294,0,0.037158426,0
100295,1,0.3897922,1
100296,1,0.40274736,1
100297,1,0.6072515,1
100298,0,0.51198304,1
100299,0,0.06760616,0
100300,0,0.18285647,0
100301,0,0.06321189,0
100302,0,0.09973489,0
100303,0,0.14071316,0
100304,0,0.05507347,0
100305,0,0.11413203,0
100306,1,0.37365735,1
100307,0,0.165826,0
100308,1,0.34548324,1
100309,0,0.36450577,1
100310,1,0.29835078,1
100311,0,0.027653432,0
100312,0,0.18063095,0
100313,0,0.37580732,1
100314,0,0.54050183,1
100315,0,0.27819163,1
100316,0,0.08900293,0
100317,0,0.16493392,0
100318,0,0.52566314,1
100319,0,0.21575223,0
100320,0,0.37649077,1
100321,1,0.6006699,1
100322,0,0.0376895,0
100323,1,0.062988594,0
100324,1,0.31584206,1
100325,1,0.38701588,1
100326,1,0.081075564,0
100327,0,0.087065145,0
100328,0,0.30382735,1
100329,0,0.4228993,1
100330,0,0.46367607,1
100331,0,0.18420964,0
100332,0,0.15401775,0
100333,1,0.1687113,0
100334,0,0.031990178,0
100335,0,0.11574949,0
100336,1,0.1937525,0
100337,1,0.3109119,1
100338,0,0.23223144,1
100339,0,0.16861758,0
100340,0,0.12782,0
100341,0,0.45092177,1
100342,0,0.59704185,1
100343,0,0.46166137,1
100344,0,0.039973654,0
100345,0,0.121727794,0
100346,0,0.10407472,0
100347,0,0.12001182,0
100348,0,0.043173663,0
100349,1,0.05505374,0
100350,1,0.45058236,1
100351,0,0.60329497,1
100352,0,0.43219745,1
100353,0,0.20712703,0
100354,1,0.50089735,1
100355,0,0.50770384,1
100356,0,0.098577425,0
100357,0,0.44474813,1
100358,1,0.3370365,1
100359,0,0.29469848,1
100360,0,0.32052606,1
100361,0,0.04789268,0
100362,1,0.45613393,1
100363,0,0.34437183,1
100364,0,0.33803105,1
100365,0,0.36944628,1
100366,0,0.08611747,0
100367,1,0.59364,1
100368,0,0.37030575,1
100369,0,0.3648179,1
100370,0,0.28624475,1
100371,0,0.10916162,0
100372,1,0.51719487,1
100373,1,0.58288014,1
100374,0,0.48780578,1
100375,1,0.4492355,1
100376,0,0.25424623,1
100377,0,0.23770781,1
100378,0,0.111786634,0
100379,1,0.51050836,1
100380,0,0.059700813,0
100381,0,0.40906358,1
100382,1,0.22368705,1
100383,0,0.49385473,1
100384,0,0.048771266,0
100385,0,0.038092565,0
100386,0,0.56724787,1
100387,0,0.5360887,1
100388,0,0.3184471,1
100389,0,0.16392264,0
100390,0,0.32376647,1
100391,0,0.14411333,0
100392,0,0.26517412,1
100393,0,0.08004555,0
100394,0,0.09974232,0
100395,1,0.07938345,0
100396,0,0.4073208,1
100397,0,0.17297235,0
100398,0,0.16221496,0
100399,0,0.2183451,0
100400,0,0.03093382,0
100401,0,0.43902358,1
100402,0,0.5235017,1
100403,0,0.4272984,1
100404,1,0.5490637,1
100405,1,0.5600298,1
100406,0,0.42402774,1
100407,0,0.17895584,0
100408,0,0.40541822,1
100409,0,0.08739154,0
100410,0,0.28824556,1
100411,1,0.6264341,1
100412,1,0.4887153,1
100413,0,0.16142774,0
100414,0,0.29526597,1
100415,0,0.16779009,0
100416,1,0.5480738,1
100417,0,0.31730664,1
100418,1,0.24370323,1
100419,1,0.55242825,1
100420,1,0.23053554,1
100421,0,0.3117171,1
100422,0,0.23961747,1
100423,0,0.19909519,0
100424,0,0.70990294,1
100425,0,0.39434826,1
100426,1,0.7239393,1
100427,1,0.74023557,1
100428,0,0.36125696,1
100429,0,0.10485783,0
100430,1,0.2994936,1
100431,0,0.5791358,1
100432,1,0.11754206,0
100433,1,0.17219359,0
100434,0,0.37104622,1
100435,0,0.28670776,1
100436,1,0.5762747,1
100437,0,0.13092224,0
100438,0,0.15741888,0
100439,1,0.45368037,1
100440,0,0.26524806,1
100441,1,0.512743,1
100442,1,0.33418244,1
100443,0,0.22872742,1
100444,1,0.24405318,1
100445,0,0.35392988,1
100446,1,0.56191254,1
100447,1,0.38931495,1
100448,1,0.55590636,1
100449,0,0.68200475,1
100450,1,0.1173582,0
100451,0,0.35852918,1
100452,1,0.61233455,1
100453,0,0.06817624,0
100454,0,0.06195511,0
100455,1,0.43518054,1
100456,0,0.12934184,0
100457,1,0.493625,1
100458,1,0.6286677,1
100459,0,0.4205621,1
100460,0,0.11203198,0
100461,1,0.35265607,1
100462,1,0.5008863,1
100463,0,0.029609976,0
100464,1,0.4094002,1
100465,0,0.29084465,1
100466,0,0.04938929,0
100467,0,0.0977651,0
100468,0,0.03519977,0
100469,0,0.5756377,1
100470,0,0.43989873,1
100471,0,0.1741023,0
100472,0,0.29238322,1
100473,1,0.52258426,1
100474,0,0.06923321,0
100475,0,0.22819787,1
100476,1,0.5090775,1
100477,0,0.3475585,1
100478,0,0.3295146,1
100479,1,0.45888394,1
100480,1,0.55690646,1
100481,0,0.54063505,1
100482,0,0.58634084,1
100483,0,0.44038332,1
100484,1,0.5019143,1
100485,0,0.16959125,0
100486,0,0.046267323,0
100487,0,0.14786339,0
100488,0,0.40752006,1
100489,0,0.30258965,1
100490,1,0.35787296,1
100491,0,0.09720885,0
100492,1,0.346755,1
100493,0,0.28965116,1
100494,0,0.14231263,0
100495,0,0.20365116,0
100496,0,0.32058117,1
100497,0,0.15362832,0
100498,0,0.4492493,1
100499,0,0.65111876,1
100500,0,0.056449935,0
100501,0,0.30010694,1
100502,0,0.16282769,0
100503,0,0.31929815,1
100504,0,0.29061574,1
100505,0,0.20508866,0
100506,0,0.061750576,0
100507,1,0.15442812,0
100508,1,0.52522427,1
100509,1,0.6302806,1
100510,0,0.42907798,1
100511,1,0.32851273,1
100512,0,0.20685932,0
100513,0,0.2847005,1
100514,1,0.24073993,1
100515,1,0.45693886,1
100516,0,0.04450173,0
100517,1,0.36952716,1
100518,0,0.27044863,1
100519,0,0.038909834,0
100520,1,0.2724455,1
100521,0,0.4190573,1
100522,0,0.21687779,0
100523,0,0.39888185,1
100524,0,0.43698153,1
100525,0,0.11298405,0
100526,1,0.26707867,1
100527,0,0.5402869,1
100528,0,0.106138915,0
100529,1,0.34910485,1
100530,1,0.29816812,1
100531,0,0.029646209,0
100532,0,0.24286121,1
100533,0,0.23049164,1
100534,1,0.1096521,0
100535,0,0.36793566,1
100536,1,0.59277546,1
100537,1,0.5982573,1
100538,0,0.6017567,1
100539,0,0.1322642,0
100540,0,0.59335023,1
100541,0,0.22344178,1
100542,0,0.6427505,1
100543,0,0.42173302,1
100544,1,0.4768481,1
100545,0,0.38697007,1
100546,0,0.26483732,1
100547,0,0.44960314,1
100548,1,0.47972375,1
100549,0,0.26021042,1
100550,1,0.32127503,1
100551,0,0.06387085,0
100552,0,0.3123402,1
100553,0,0.05392525,0
100554,0,0.2038858,0
100555,0,0.13638987,0
100556,0,0.16003132,0
100557,1,0.1786704,0
100558,1,0.06785485,0
100559,1,0.15147984,0
100560,0,0.0923824,0
100561,0,0.29868114,1
100562,0,0.08339167,0
100563,0,0.1166061,0
100564,0,0.4512888,1
100565,0,0.46634862,1
100566,1,0.3661307,1
100567,0,0.44697475,1
100568,1,0.1312489,0
100569,0,0.17718437,0
100570,0,0.4001639,1
100571,0,0.41652572,1
100572,1,0.4226136,1
100573,1,0.4395536,1
100574,0,0.35454932,1
100575,1,0.5163534,1
100576,0,0.31100047,1
100577,0,0.10892504,0
100578,1,0.117756724,0
100579,0,0.37340036,1
100580,0,0.09575909,0
100581,1,0.30575463,1
100582,0,0.42002618,1
100583,0,0.1545422,0
100584,0,0.48261634,1
100585,1,0.38133705,1
100586,0,0.521097,1
100587,1,0.59799707,1
100588,0,0.040358298,0
100589,1,0.4346025,1
100590,1,0.44301265,1
100591,0,0.19175124,0
100592,0,0.034818497,0
100593,0,0.49261686,1
100594,1,0.08561674,0
100595,0,0.5031001,1
100596,1,0.40283766,1
100597,0,0.07426697,0
100598,1,0.5419594,1
100599,1,0.49138057,1
100600,1,0.6767426,1
100601,0,0.34704745,1
100602,0,0.1738218,0
100603,0,0.6835578,1
100604,1,0.44967327,1
100605,0,0.20317063,0
100606,0,0.33987683,1
100607,0,0.06882646,0
100608,0,0.38555473,1
100609,0,0.07900873,0
100610,1,0.5568474,1
100611,0,0.034210064,0
100612,0,0.058649253,0
100613,1,0.540565,1
100614,0,0.343253,1
100615,0,0.17500317,0
100616,1,0.5946363,1
100617,1,0.6151556,1
100618,0,0.26903367,1
100619,1,0.74704975,1
100620,1,0.25578657,1
100621,0,0.16469973,0
100622,0,0.09450116,0
100623,0,0.58883893,1
100624,0,0.40791577,1
100625,1,0.6421143,1
100626,0,0.16857159,0
100627,0,0.44603506,1
100628,0,0.09222962,0
100629,0,0.08003384,0
100630,0,0.37049523,1
100631,1,0.08915517,0
100632,0,0.071534835,0
100633,1,0.53656864,1
100634,0,0.061297435,0
100635,0,0.57159686,1
100636,0,0.043921646,0
100637,1,0.24209574,1
100638,1,0.1358312,0
100639,1,0.3411718,1
100640,0,0.094805956,0
100641,1,0.13538356,0
100642,0,0.23503444,1
100643,0,0.1980189,0
100644,0,0.45337224,1
100645,0,0.31706297,1
100646,0,0.12134583,0
100647,0,0.048107855,0
100648,0,0.11929532,0
100649,1,0.2783021,1
100650,0,0.17674984,0
100651,1,0.42044342,1
100652,0,0.31971434,1
100653,0,0.20592886,0
100654,0,0.5053326,1
100655,0,0.35536465,1
100656,1,0.55322295,1
100657,0,0.4240769,1
100658,1,0.50029176,1
100659,0,0.48019084,1
100660,1,0.29854685,1
100661,1,0.13137847,0
100662,0,0.11389916,0
100663,1,0.38892227,1
100664,0,0.4714289,1
100665,0,0.02556022,0
100666,0,0.033920623,0
100667,0,0.484591,1
100668,1,0.5459642,1
100669,0,0.20036614,0
100670,0,0.23771216,1
100671,0,0.20608193,0
100672,0,0.5413593,1
100673,0,0.16773465,0
100674,0,0.21280031,0
100675,0,0.36136293,1
100676,0,0.10791165,0
100677,0,0.040562525,0
100678,1,0.15063506,0
100679,0,0.5195325,1
100680,1,0.38679716,1
100681,1,0.4908475,1
100682,0,0.3245939,1
100683,0,0.12892917,0
100684,0,0.39426932,1
100685,1,0.08869481,0
100686,0,0.19219503,0
100687,0,0.5536537,1
100688,1,0.64927906,1
100689,0,0.20015824,0
100690,0,0.2240698,1
100691,0,0.06288761,0
100692,1,0.62706566,1
100693,0,0.39893955,1
100694,0,0.045806006,0
100695,0,0.28775167,1
100696,0,0.13267362,0
100697,0,0.073891416,0
100698,0,0.17495564,0
100699,0,0.043423027,0
100700,0,0.22627255,1
100701,1,0.6215764,1
100702,0,0.28313237,1
100703,0,0.733009,1
100704,1,0.37000284,1
100705,1,0.103078954,0
100706,1,0.49174294,1
100707,0,0.07016646,0
100708,1,0.21458776,0
100709,1,0.058657125,0
100710,0,0.4820211,1
100711,0,0.036433306,0
100712,1,0.56526715,1
100713,1,0.69411033,1
100714,0,0.10346342,0
100715,1,0.05622688,0
100716,0,0.08636775,0
100717,0,0.10782823,0
100718,0,0.57272124,1
100719,1,0.33013657,1
100720,1,0.5829766,1
100721,0,0.32653975,1
100722,0,0.32095233,1
100723,0,0.5186362,1
100724,0,0.31575876,1
100725,1,0.4275781,1
100726,0,0.25819108,1
100727,1,0.36303067,1
100728,0,0.3780232,1
100729,0,0.31088865,1
100730,0,0.06512701,0
100731,1,0.14261302,0
100732,0,0.5358342,1
100733,0,0.109965,0
100734,0,0.23713872,1
100735,0,0.23923704,1
100736,0,0.062367197,0
100737,0,0.58334196,1
100738,0,0.10090396,0
100739,0,0.45712203,1
100740,0,0.13280007,0
100741,0,0.5784165,1
100742,0,0.026331533,0
100743,1,0.6166429,1
100744,0,0.05231357,0
100745,0,0.13893743,0
100746,1,0.26572987,1
100747,0,0.5149182,1
100748,0,0.12242359,0
100749,0,0.17704295,0
100750,1,0.0398525,0
100751,0,0.40702328,1
100752,0,0.48262066,1
100753,1,0.38775793,1
100754,0,0.46188575,1
100755,1,0.55564535,1
100756,0,0.28341803,1
100757,0,0.20689543,0
100758,0,0.18903618,0
100759,0,0.4882924,1
100760,1,0.48061085,1
100761,1,0.34036312,1
100762,0,0.18281966,0
100763,0,0.031257764,0
100764,0,0.06688762,0
100765,0,0.3618435,1
100766,0,0.35890564,1
100767,0,0.28423452,1
100768,0,0.101347744,0
100769,0,0.27402604,1
100770,1,0.34419715,1
100771,0,0.0662003,0
100772,0,0.063489564,0
100773,1,0.5705757,1
100774,0,0.1766252,0
100775,1,0.4775102,1
100776,1,0.3574001,1
100777,0,0.24195895,1
100778,0,0.04108249,0
100779,0,0.1680345,0
100780,1,0.54618096,1
100781,1,0.56094956,1
100782,1,0.44819215,1
100783,0,0.09301588,0
100784,0,0.103510305,0
100785,0,0.19518736,0
100786,0,0.28775382,1
100787,0,0.47538078,1
100788,1,0.10102484,0
100789,0,0.16510178,0
100790,0,0.06634601,0
100791,0,0.048660807,0
100792,1,0.3928634,1
100793,0,0.050724823,0
100794,1,0.13246465,0
100795,0,0.1944958,0
100796,1,0.3295132,1
100797,0,0.53270894,1
100798,0,0.11439155,0
100799,0,0.21734974,0
100800,1,0.55184996,1
100801,0,0.085833706,0
100802,0,0.3122172,1
100803,0,0.04768894,0
100804,0,0.4830316,1
100805,1,0.5546804,1
100806,0,0.07707147,0
100807,1,0.49024788,1
100808,1,0.30686486,1
100809,0,0.6111846,1
100810,0,0.077717595,0
100811,0,0.6236945,1
100812,1,0.41553935,1
100813,0,0.37632537,1
100814,0,0.28877544,1
100815,0,0.12500581,0
100816,1,0.5745122,1
100817,0,0.6763464,1
100818,1,0.3775798,1
100819,1,0.6176279,1
100820,0,0.1339659,0
100821,0,0.6375365,1
100822,1,0.5242795,1
100823,1,0.41429546,1
100824,0,0.13325308,0
100825,0,0.089976564,0
100826,0,0.04379767,0
100827,1,0.4331878,1
100828,1,0.6530919,1
100829,1,0.17892204,0
100830,0,0.5765287,1
100831,0,0.56796706,1
100832,0,0.36141908,1
100833,0,0.55204356,1
100834,0,0.13992515,0
100835,0,0.16364333,0
100836,0,0.2782753,1
100837,1,0.68693614,1
100838,1,0.5801766,1
100839,0,0.057853572,0
100840,1,0.53102833,1
100841,0,0.14618754,0
100842,0,0.042401593,0
100843,0,0.3736824,1
100844,0,0.404911,1
100845,0,0.031971302,0
100846,0,0.45586464,1
100847,0,0.25188765,1
100848,1,0.7184113,1
100849,0,0.18744066,0
100850,0,0.25192413,1
100851,0,0.09873841,0
100852,1,0.346616,1
100853,0,0.6855063,1
100854,0,0.046399742,0
100855,1,0.38702396,1
100856,0,0.092094064,0
100857,0,0.03588481,0
100858,1,0.6224639,1
100859,0,0.09256996,0
100860,0,0.106755406,0
100861,0,0.53862333,1
100862,0,0.0647376,0
100863,0,0.09369664,0
100864,1,0.15663639,0
100865,1,0.61614466,1
100866,1,0.29761633,1
100867,1,0.44959268,1
100868,1,0.38611037,1
100869,1,0.34616113,1
100870,0,0.25321934,1
100871,0,0.28773564,1
100872,0,0.5012319,1
100873,0,0.46864766,1
100874,1,0.09901814,0
100875,0,0.0585725,0
100876,0,0.07669346,0
100877,0,0.33008847,1
100878,1,0.47815606,1
100879,0,0.13644752,0
100880,0,0.5149752,1
100881,0,0.04372664,0
100882,0,0.20880508,0
100883,0,0.25378728,1
100884,1,0.4911792,1
100885,0,0.43049267,1
100886,0,0.35086626,1
100887,0,0.5738355,1
100888,0,0.24910259,1
100889,0,0.5350961,1
100890,1,0.37948522,1
100891,0,0.19428435,0
100892,1,0.24702154,1
100893,0,0.26055354,1
100894,0,0.51305103,1
100895,0,0.48434544,1
100896,1,0.59772676,1
100897,0,0.16040877,0
100898,0,0.35487384,1
100899,1,0.33070812,1
100900,0,0.5913171,1
100901,0,0.19291838,0
100902,1,0.5953956,1
100903,0,0.6657764,1
100904,1,0.43403682,1
100905,0,0.33124304,1
100906,0,0.4264517,1
100907,0,0.4843056,1
100908,0,0.49482572,1
100909,0,0.111463696,0
100910,0,0.22968286,1
100911,0,0.3437091,1
100912,0,0.07729971,0
100913,0,0.33184808,1
100914,0,0.09060691,0
100915,0,0.20039138,0
100916,1,0.39278075,1
100917,1,0.50985974,1
100918,1,0.27485305,1
100919,0,0.030393092,0
100920,0,0.20531413,0
100921,0,0.65938014,1
100922,1,0.6229451,1
100923,0,0.11936258,0
100924,1,0.39520675,1
100925,1,0.4145109,1
100926,0,0.24902873,1
100927,0,0.14042193,0
100928,0,0.50367486,1
100929,0,0.08178261,0
100930,1,0.10317595,0
100931,0,0.04605736,0
100932,1,0.16089891,0
100933,1,0.055010274,0
100934,0,0.5030907,1
100935,0,0.045392208,0
100936,0,0.42783117,1
100937,0,0.32654947,1
100938,1,0.110525,0
100939,0,0.43845147,1
100940,0,0.17090431,0
100941,0,0.18307136,0
100942,1,0.7033901,1
100943,0,0.019535601,0
100944,0,0.6550132,1
100945,0,0.059736356,0
100946,0,0.633437,1
100947,0,0.1292112,0
100948,0,0.28082722,1
100949,0,0.13925716,0
100950,1,0.46875215,1
100951,0,0.14817917,0
100952,0,0.4463172,1
100953,1,0.48473862,1
100954,1,0.076620325,0
100955,0,0.29717296,1
100956,0,0.6086683,1
100957,0,0.079219066,0
100958,0,0.15676078,0
100959,0,0.03898941,0
100960,1,0.633414,1
100961,0,0.4455556,1
100962,0,0.0987121,0
100963,0,0.39269888,1
100964,0,0.4034316,1
100965,0,0.11944921,0
100966,0,0.3391883,1
100967,0,0.5518341,1
100968,0,0.49644154,1
100969,1,0.45952103,1
100970,0,0.08482851,0
100971,1,0.41181773,1
100972,0,0.10210977,0
100973,1,0.47323924,1
100974,0,0.11118243,0
100975,0,0.15836847,0
100976,0,0.5397376,1
100977,1,0.039254464,0
100978,0,0.35130453,1
100979,1,0.4387676,1
100980,0,0.18096526,0
100981,1,0.4241079,1
100982,0,0.63813615,1
100983,0,0.50625765,1
100984,0,0.33073908,1
100985,0,0.38883364,1
100986,1,0.5633537,1
100987,0,0.058097832,0
100988,1,0.43829876,1
100989,0,0.1168998,0
100990,0,0.41316724,1
100991,0,0.52382386,1
100992,0,0.33873603,1
100993,0,0.046634212,0
100994,0,0.35394433,1
100995,1,0.30656126,1
100996,0,0.2703156,1
100997,0,0.2004481,0
100998,1,0.27966225,1
100999,0,0.26727268,1
101000,1,0.19704929,0
101001,0,0.23971844,1
101002,0,0.50467724,1
101003,0,0.15797278,0
101004,0,0.20689988,0
101005,1,0.46206325,1
101006,1,0.43625626,1
101007,0,0.17719805,0
101008,0,0.14241691,0
101009,1,0.44314817,1
101010,1,0.57741463,1
101011,0,0.33570227,1
101012,0,0.15166959,0
101013,0,0.30221468,1
101014,0,0.11136035,0
101015,1,0.29919088,1
101016,0,0.3493864,1
101017,0,0.11807014,0
101018,1,0.34029815,1
101019,0,0.17412159,0
101020,1,0.5352435,1
101021,1,0.4836625,1
101022,0,0.13829345,0
101023,0,0.10121749,0
101024,0,0.054171875,0
101025,0,0.038225383,0
101026,0,0.5001265,1
101027,0,0.68839526,1
101028,0,0.3841672,1
101029,0,0.48586902,1
101030,0,0.41750246,1
101031,0,0.17460215,0
101032,1,0.29355806,1
101033,0,0.07503343,0
101034,0,0.60375017,1
101035,0,0.14877605,0
101036,1,0.5288066,1
101037,1,0.48547032,1
101038,0,0.23899427,1
101039,0,0.20609477,0
101040,0,0.21293193,0
101041,0,0.060066022,0
101042,0,0.50289506,1
101043,0,0.5951392,1
101044,0,0.13922173,0
101045,0,0.036142398,0
101046,1,0.11389114,0
101047,0,0.25047377,1
101048,0,0.09381302,0
101049,0,0.29321277,1
101050,0,0.34977376,1
101051,0,0.10898824,0
101052,1,0.090860456,0
101053,1,0.5606456,1
101054,0,0.42688102,1
101055,0,0.06549592,0
101056,1,0.49454358,1
101057,0,0.14496268,0
101058,0,0.08414283,0
101059,0,0.046395738,0
101060,1,0.5085253,1
101061,0,0.05077088,0
101062,1,0.71764284,1
101063,0,0.40247506,1
101064,1,0.528357,1
101065,0,0.09913051,0
101066,1,0.24886246,1
101067,1,0.6264881,1
101068,1,0.09990038,0
101069,1,0.5337235,1
101070,0,0.23832747,1
101071,0,0.38547236,1
101072,1,0.24355486,1
101073,0,0.3570815,1
101074,0,0.07197343,0
101075,1,0.40837598,1
101076,0,0.4075462,1
101077,0,0.46386918,1
101078,0,0.046708003,0
101079,1,0.54852974,1
101080,0,0.43157986,1
101081,0,0.6693722,1
101082,0,0.17290828,0
101083,1,0.4372805,1
101084,0,0.052703746,0
101085,0,0.3332602,1
101086,0,0.56001693,1
101087,0,0.02437931,0
101088,0,0.15332273,0
101089,0,0.11536543,0
101090,0,0.3222601,1
101091,0,0.349249,1
101092,0,0.1366143,0
101093,0,0.35394675,1
101094,1,0.4823853,1
101095,0,0.2523803,1
101096,1,0.19990283,0
101097,0,0.39343798,1
101098,0,0.44423738,1
101099,0,0.0426425,0
101100,1,0.11806449,0
101101,1,0.7186798,1
101102,1,0.40242082,1
101103,0,0.5230638,1
101104,1,0.42655998,1
101105,0,0.04264915,0
101106,0,0.19078146,0
101107,1,0.42159066,1
101108,0,0.049268078,0
101109,0,0.08138224,0
101110,0,0.2934857,1
101111,0,0.31324786,1
101112,1,0.54853463,1
101113,0,0.3861677,1
101114,0,0.48061422,1
101115,1,0.34346434,1
101116,0,0.120889254,0
101117,0,0.24685091,1
101118,1,0.14486209,0
101119,0,0.31853598,1
101120,0,0.0498527,0
101121,1,0.38761547,1
101122,0,0.10354793,0
101123,1,0.5289961,1
101124,0,0.6538521,1
101125,0,0.58555984,1
101126,0,0.16636488,0
101127,0,0.027116,0
101128,0,0.08467289,0
101129,0,0.15851793,0
101130,0,0.15378009,0
101131,0,0.64324135,1
101132,0,0.08219178,0
101133,0,0.36325532,1
101134,1,0.2582594,1
101135,0,0.04053162,0
101136,0,0.4304684,1
101137,0,0.49822116,1
101138,0,0.5021772,1
101139,0,0.47636887,1
101140,0,0.17888775,0
101141,1,0.351624,1
101142,0,0.4507296,1
101143,0,0.076517545,0
101144,0,0.19342852,0
101145,0,0.083474055,0
101146,1,0.41035092,1
101147,1,0.5180392,1
101148,1,0.62693185,1
101149,0,0.29269385,1
101150,0,0.13147038,0
101151,0,0.56977606,1
101152,0,0.3552119,1
101153,1,0.44876397,1
101154,0,0.53961635,1
101155,0,0.37838933,1
101156,0,0.06484219,0
101157,0,0.33725607,1
101158,1,0.62742734,1
101159,0,0.17282723,0
101160,0,0.40419558,1
101161,0,0.1549212,0
101162,1,0.103796594,0
101163,0,0.53701794,1
101164,0,0.026863318,0
101165,1,0.28058666,1
101166,0,0.4539094,1
101167,0,0.1233196,0
101168,0,0.31419277,1
101169,0,0.086836085,0
101170,0,0.07630462,0
101171,1,0.65880835,1
101172,0,0.31809822,1
101173,1,0.24219528,1
101174,0,0.54530466,1
101175,0,0.15470007,0
101176,0,0.29128158,1
101177,0,0.3887291,1
101178,1,0.52983034,1
101179,0,0.38301656,1
101180,0,0.41970807,1
101181,0,0.36661553,1
101182,0,0.39981586,1
101183,0,0.07173613,0
101184,0,0.56292605,1
101185,0,0.31896353,1
101186,0,0.36938447,1
101187,0,0.26635742,1
101188,0,0.20075199,0
101189,0,0.32647592,1
101190,0,0.038919277,0
101191,1,0.11545509,0
101192,1,0.45210528,1
101193,0,0.3857931,1
101194,0,0.24073131,1
101195,0,0.15932715,0
101196,0,0.07198411,0
101197,0,0.039387234,0
101198,0,0.24000439,1
101199,0,0.19265845,0
101200,0,0.02057317,0
101201,0,0.40972167,1
101202,0,0.19906187,0
101203,0,0.46497405,1
101204,0,0.34060097,1
101205,0,0.05357241,0
101206,0,0.20875955,0
101207,0,0.53748596,1
101208,0,0.14007047,0
101209,0,0.21254219,0
101210,0,0.3540898,1
101211,1,0.35760874,1
101212,0,0.05422543,0
101213,0,0.11990919,0
101214,1,0.16926035,0
101215,0,0.20673093,0
101216,1,0.35414094,1
101217,0,0.2795179,1
101218,0,0.13543837,0
101219,0,0.2889185,1
101220,1,0.5245848,1
101221,1,0.23128709,1
101222,0,0.48243603,1
101223,1,0.3637588,1
101224,0,0.16011164,0
101225,0,0.14293882,0
101226,0,0.37377995,1
101227,0,0.10255316,0
101228,0,0.47280696,1
101229,0,0.066903464,0
101230,0,0.56471807,1
101231,0,0.03916809,0
101232,1,0.26042226,1
101233,1,0.3175852,1
101234,1,0.23220104,1
101235,1,0.6747252,1
101236,0,0.23757473,1
101237,0,0.25874597,1
101238,0,0.018988807,0
101239,1,0.6443174,1
101240,0,0.3673317,1
101241,0,0.40062425,1
101242,0,0.027184218,0
101243,0,0.30635065,1
101244,1,0.64112765,1
101245,0,0.36466563,1
101246,0,0.55498636,1
101247,0,0.21452832,0
101248,0,0.37847215,1
101249,1,0.6169071,1
101250,0,0.46504226,1
101251,0,0.271782,1
101252,0,0.08074991,0
101253,0,0.4498911,1
101254,0,0.0783076,0
101255,0,0.04068215,0
101256,1,0.27025056,1
101257,1,0.29180968,1
101258,0,0.040223762,0
101259,1,0.08607658,0
101260,0,0.031426243,0
101261,0,0.29844767,1
101262,0,0.11578153,0
101263,1,0.23807439,1
101264,0,0.13191968,0
101265,0,0.033217143,0
101266,1,0.10081354,0
101267,0,0.5672856,1
101268,1,0.48745063,1
101269,0,0.07158396,0
101270,0,0.044612035,0
101271,1,0.48651117,1
101272,0,0.13410982,0
101273,0,0.59552705,1
101274,0,0.4821898,1
101275,0,0.05451293,0
101276,1,0.26321477,1
101277,0,0.46851173,1
101278,1,0.7277789,1
101279,0,0.26420557,1
101280,0,0.4546526,1
101281,1,0.61691296,1
101282,0,0.14188042,0
101283,0,0.08343254,0
101284,0,0.32703054,1
101285,1,0.46617195,1
101286,1,0.6302334,1
101287,0,0.42583752,1
101288,1,0.47704184,1
101289,0,0.28139395,1
101290,0,0.075994335,0
101291,1,0.28573164,1
101292,1,0.3333763,1
101293,1,0.43509805,1
101294,1,0.4285516,1
101295,0,0.041771024,0
101296,0,0.46275237,1
101297,0,0.12124811,0
101298,0,0.32160264,1
101299,1,0.075653024,0
101300,0,0.41818145,1
101301,0,0.48302692,1
101302,0,0.280464,1
101303,0,0.5838805,1
101304,0,0.51045895,1
101305,0,0.18736145,0
101306,0,0.47532222,1
101307,0,0.1456821,0
101308,0,0.032690708,0
101309,0,0.41897,1
101310,0,0.32309672,1
101311,0,0.32241607,1
101312,0,0.20015866,0
101313,0,0.3808971,1
101314,0,0.4332928,1
101315,0,0.2779984,1
101316,0,0.4028521,1
101317,0,0.09345135,0
101318,1,0.27826697,1
101319,0,0.057466835,0
101320,0,0.41522455,1
101321,1,0.333776,1
101322,0,0.2663916,1
101323,0,0.32826245,1
101324,0,0.490534,1
101325,1,0.40607288,1
101326,1,0.488595,1
101327,1,0.2332388,1
101328,0,0.38993102,1
101329,0,0.18040949,0
101330,1,0.4317661,1
101331,0,0.108587846,0
101332,0,0.020829778,0
101333,0,0.38635772,1
101334,0,0.14588416,0
101335,1,0.38189125,1
101336,0,0.044939186,0
101337,0,0.3462643,1
101338,0,0.0660921,0
101339,0,0.584988,1
101340,1,0.5437633,1
101341,1,0.13580011,0
101342,0,0.46438396,1
101343,0,0.063160844,0
101344,1,0.38233912,1
101345,0,0.18973276,0
101346,0,0.27112457,1
101347,0,0.39722872,1
101348,1,0.2666109,1
101349,1,0.5486576,1
101350,0,0.24110708,1
101351,0,0.268987,1
101352,0,0.24236049,1
101353,0,0.1095685,0
101354,0,0.15594375,0
101355,0,0.3013253,1
101356,0,0.063272305,0
101357,0,0.70338714,1
101358,0,0.46154356,1
101359,0,0.038629927,0
101360,0,0.08074431,0
101361,0,0.38780925,1
101362,0,0.068184085,0
101363,0,0.06361813,0
101364,0,0.4487205,1
101365,0,0.08890627,0
101366,0,0.24089137,1
101367,0,0.24238154,1
101368,0,0.19151893,0
101369,1,0.5900213,1
101370,0,0.32963714,1
101371,0,0.050298072,0
101372,0,0.08404445,0
101373,1,0.3453629,1
101374,0,0.161183,0
101375,0,0.24221689,1
101376,1,0.60378134,1
101377,0,0.10607736,0
101378,0,0.52096057,1
101379,0,0.10546212,0
101380,0,0.5654336,1
101381,1,0.46893626,1
101382,1,0.50000936,1
101383,1,0.25022975,1
101384,1,0.2609768,1
101385,1,0.23980916,1
101386,0,0.57573044,1
101387,0,0.12348494,0
101388,0,0.043000054,0
101389,0,0.41488773,1
101390,0,0.30830944,1
101391,0,0.12316659,0
101392,1,0.13041459,0
101393,1,0.3890812,1
101394,0,0.1555016,0
101395,0,0.050854728,0
101396,0,0.049370266,0
101397,0,0.20869018,0
101398,0,0.27475062,1
101399,1,0.51120365,1
101400,0,0.16330945,0
101401,0,0.033651445,0
101402,0,0.5177948,1
101403,0,0.5863672,1
101404,1,0.46614572,1
101405,0,0.079963826,0
101406,0,0.44130078,1
101407,0,0.02240136,0
101408,0,0.28181297,1
101409,1,0.5174356,1
101410,0,0.09148705,0
101411,0,0.06322976,0
101412,0,0.43745014,1
101413,1,0.20940943,0
101414,1,0.45351502,1
101415,1,0.29396245,1
101416,1,0.13688214,0
101417,0,0.5005662,1
101418,1,0.44270536,1
101419,0,0.20100942,0
101420,1,0.28539777,1
101421,0,0.063126534,0
101422,0,0.032933403,0
101423,0,0.33547616,1
101424,1,0.22542214,1
101425,0,0.11485171,0
101426,0,0.02848411,0
101427,0,0.21400827,0
101428,0,0.11329596,0
101429,0,0.25056288,1
101430,0,0.27068633,1
101431,1,0.45881295,1
101432,1,0.32516682,1
101433,1,0.4945985,1
101434,0,0.024905734,0
101435,0,0.0815053,0
101436,0,0.3972231,1
101437,1,0.4774043,1
101438,0,0.029140208,0
101439,0,0.4895733,1
101440,1,0.2932808,1
101441,0,0.58508027,1
101442,0,0.4469013,1
101443,0,0.4102425,1
101444,0,0.047927186,0
101445,1,0.3837614,1
101446,0,0.124785036,0
101447,1,0.675033,1
101448,0,0.025546359,0
101449,0,0.07363236,0
101450,0,0.60283786,1
101451,0,0.045983076,0
101452,1,0.1656353,0
101453,1,0.4710258,1
101454,1,0.5788609,1
101455,0,0.028512916,0
101456,0,0.06947866,0
101457,0,0.21081725,0
101458,1,0.61413586,1
101459,0,0.24387488,1
101460,0,0.054889552,0
101461,0,0.5280048,1
101462,0,0.066839,0
101463,0,0.103404194,0
101464,0,0.121108055,0
101465,0,0.024504585,0
101466,0,0.088344835,0
101467,0,0.121129505,0
101468,1,0.19860655,0
101469,1,0.21455222,0
101470,0,0.15873104,0
101471,0,0.10740866,0
101472,0,0.10001246,0
101473,0,0.4094885,1
101474,1,0.38215482,1
101475,1,0.32754385,1
101476,0,0.052172888,0
101477,0,0.2563256,1
101478,0,0.42687833,1
101479,1,0.22481659,1
101480,0,0.17094854,0
101481,0,0.57740664,1
101482,0,0.037418716,0
101483,0,0.0335543,0
101484,0,0.40660778,1
101485,0,0.5669077,1
101486,1,0.4107412,1
101487,0,0.09537086,0
101488,0,0.16296928,0
101489,1,0.4086731,1
101490,0,0.21568708,0
101491,0,0.16844907,0
101492,1,0.2636554,1
101493,1,0.38614273,1
101494,0,0.4995113,1
101495,0,0.5075902,1
101496,1,0.5268533,1
101497,1,0.5969769,1
101498,0,0.5210955,1
101499,0,0.09140989,0
101500,1,0.32050267,1
101501,1,0.44359437,1
101502,1,0.391124,1
101503,0,0.35570002,1
101504,0,0.167611,0
101505,0,0.1542674,0
101506,0,0.07758987,0
101507,1,0.51975787,1
101508,1,0.52533174,1
101509,0,0.1806179,0
101510,0,0.24327436,1
101511,0,0.260923,1
101512,0,0.17220718,0
101513,1,0.43991643,1
101514,0,0.2235623,1
101515,0,0.26636073,1
101516,1,0.1494357,0
101517,0,0.10315496,0
101518,1,0.6380417,1
101519,1,0.20650806,0
101520,0,0.5953678,1
101521,0,0.048321836,0
101522,1,0.07056218,0
101523,1,0.40218315,1
101524,0,0.096754596,0
101525,0,0.14516388,0
101526,1,0.35894972,1
101527,0,0.5567721,1
101528,0,0.47425026,1
101529,0,0.10208063,0
101530,0,0.028307162,0
101531,0,0.055704642,0
101532,0,0.30596834,1
101533,0,0.22778182,1
101534,1,0.53163457,1
101535,0,0.47972757,1
101536,0,0.51345694,1
101537,0,0.122552976,0
101538,0,0.4968797,1
101539,1,0.5290146,1
101540,0,0.19703783,0
101541,0,0.48064727,1
101542,1,0.44626907,1
101543,0,0.5250127,1
101544,0,0.6229626,1
101545,1,0.48912564,1
101546,1,0.17266878,0
101547,0,0.08359596,0
101548,0,0.19071746,0
101549,0,0.043846995,0
101550,0,0.44165692,1
101551,0,0.42480868,1
101552,0,0.13084307,0
101553,0,0.09818053,0
101554,0,0.079366036,0
101555,1,0.20439628,0
101556,0,0.09535687,0
101557,0,0.043603748,0
101558,1,0.40326783,1
101559,1,0.570277,1
101560,1,0.49979067,1
101561,0,0.43233183,1
101562,0,0.5501217,1
101563,0,0.24563384,1
101564,1,0.38974234,1
101565,0,0.17170992,0
101566,0,0.02694232,0
101567,0,0.020781439,0
101568,0,0.33366087,1
101569,0,0.078782305,0
101570,0,0.53713435,1
101571,0,0.10028969,0
101572,0,0.29046944,1
101573,0,0.2070473,0
101574,0,0.27487323,1
101575,1,0.52994156,1
101576,1,0.27677166,1
101577,0,0.38823634,1
101578,0,0.20993716,0
101579,0,0.45026156,1
101580,1,0.67598164,1
101581,1,0.5480319,1
101582,1,0.33378434,1
101583,0,0.047601826,0
101584,0,0.32134646,1
101585,0,0.06805285,0
101586,0,0.10030189,0
101587,0,0.08809775,0
101588,0,0.08939946,0
101589,0,0.08479284,0
101590,0,0.20104265,0
101591,1,0.28243172,1
101592,0,0.12534298,0
101593,0,0.10178332,0
101594,1,0.5273893,1
101595,0,0.44030473,1
101596,0,0.62281334,1
101597,0,0.3242195,1
101598,0,0.03516208,0
101599,1,0.60835505,1
101600,0,0.43981454,1
101601,1,0.5521927,1
101602,0,0.24547273,1
101603,1,0.40252644,1
101604,0,0.38466042,1
101605,0,0.055856638,0
101606,0,0.45700777,1
101607,0,0.62968814,1
101608,1,0.43918282,1
101609,0,0.11978334,0
101610,1,0.42239547,1
101611,0,0.073034525,0
101612,1,0.10826735,0
101613,0,0.10464732,0
101614,0,0.12452719,0
101615,0,0.41794974,1
101616,1,0.53151333,1
101617,1,0.49866447,1
101618,0,0.3829251,1
101619,0,0.057471123,0
101620,1,0.61654043,1
101621,1,0.6648565,1
101622,1,0.19035527,0
101623,0,0.41592664,1
101624,1,0.049832173,0
101625,0,0.026249185,0
101626,1,0.20496988,0
101627,0,0.17798834,0
101628,0,0.3183456,1
101629,0,0.123064846,0
101630,1,0.58190113,1
101631,0,0.31179965,1
101632,0,0.13472812,0
101633,0,0.1317498,0
101634,1,0.6683799,1
101635,1,0.6254803,1
101636,0,0.4608839,1
101637,1,0.30847716,1
101638,0,0.21535194,0
101639,0,0.4355499,1
101640,0,0.034184918,0
101641,0,0.029624522,0
101642,0,0.082899675,0
101643,0,0.07047832,0
101644,0,0.027920412,0
101645,0,0.09331606,0
101646,0,0.18562779,0
101647,0,0.23860869,1
101648,0,0.050362468,0
101649,0,0.083267994,0
101650,0,0.5426692,1
101651,0,0.26664275,1
101652,1,0.03655027,0
101653,0,0.4160945,1
101654,0,0.093912326,0
101655,1,0.5401437,1
101656,0,0.100112624,0
101657,0,0.25870794,1
101658,1,0.26395413,1
101659,0,0.15656638,0
101660,0,0.030470777,0
101661,0,0.5917765,1
101662,0,0.52531314,1
101663,0,0.5521897,1
101664,1,0.62285775,1
101665,0,0.10619025,0
101666,0,0.18081206,0
101667,0,0.34050748,1
101668,0,0.32146895,1
101669,0,0.23460034,1
101670,0,0.54420173,1
101671,1,0.28881925,1
101672,0,0.08221756,0
101673,0,0.4380621,1
101674,0,0.47782636,1
101675,1,0.38916767,1
101676,0,0.073772304,0
101677,0,0.48073477,1
101678,0,0.53983325,1
101679,0,0.32560953,1
101680,0,0.4383812,1
101681,0,0.27058974,1
101682,0,0.45128715,1
101683,0,0.047423646,0
101684,1,0.62621194,1
101685,1,0.5795353,1
101686,0,0.04409527,0
101687,1,0.25097868,1
101688,0,0.07016475,0
101689,0,0.37828174,1
101690,1,0.39238217,1
101691,0,0.5643486,1
101692,0,0.45563766,1
101693,0,0.3177715,1
101694,1,0.5918915,1
101695,0,0.27085602,1
101696,0,0.23966911,1
101697,0,0.5513927,1
101698,0,0.21716219,0
101699,1,0.48049736,1
101700,0,0.5660547,1
101701,0,0.06854052,0
101702,0,0.13719794,0
101703,0,0.04069351,0
101704,0,0.42160487,1
101705,0,0.04381615,0
101706,1,0.5541314,1
101707,0,0.12162548,0
101708,1,0.65729856,1
101709,0,0.171663,0
101710,0,0.31345233,1
101711,0,0.14345145,0
101712,0,0.6288917,1
101713,0,0.13087559,0
101714,0,0.41895306,1
101715,0,0.04801812,0
101716,0,0.6232822,1
101717,0,0.49242997,1
101718,1,0.50665736,1
101719,1,0.56527144,1
101720,1,0.6777692,1
101721,0,0.30934125,1
101722,0,0.074104935,0
101723,1,0.35317346,1
101724,0,0.024204418,0
101725,0,0.1191486,0
101726,0,0.61792123,1
101727,0,0.24095953,1
101728,0,0.43686432,1
101729,0,0.09041658,0
101730,0,0.09244675,0
101731,1,0.18480684,0
101732,0,0.31691286,1
101733,0,0.15484066,0
101734,0,0.08334033,0
101735,1,0.48825693,1
101736,1,0.39178926,1
101737,1,0.1543265,0
101738,0,0.07526861,0
101739,0,0.079336405,0
101740,0,0.18858534,0
101741,0,0.080819815,0
101742,1,0.35007685,1
101743,1,0.6241025,1
101744,0,0.048595145,0
101745,0,0.46024036,1
101746,0,0.03613763,0
101747,0,0.39845943,1
101748,0,0.3515369,1
101749,0,0.6318111,1
101750,0,0.2882854,1
101751,1,0.38257286,1
101752,0,0.36310837,1
101753,1,0.22774997,1
101754,0,0.071397915,0
101755,0,0.030959465,0
101756,0,0.37952062,1
101757,1,0.37675807,1
101758,0,0.37448597,1
101759,0,0.28545684,1
101760,1,0.6142474,1
101761,0,0.38203713,1
101762,1,0.45216262,1
101763,0,0.43722042,1
101764,0,0.041443527,0
101765,1,0.090055436,0
101766,0,0.06908892,0
101767,0,0.08179862,0
101768,0,0.075465515,0
101769,0,0.4603209,1
101770,0,0.44955084,1
101771,0,0.37052646,1
101772,0,0.056643624,0
101773,0,0.033044428,0
101774,1,0.46855104,1
101775,0,0.051810008,0
101776,0,0.5046475,1
101777,0,0.08452241,0
101778,0,0.19184792,0
101779,1,0.6006092,1
101780,0,0.036806192,0
101781,1,0.4617258,1
101782,1,0.23794673,1
101783,1,0.28317583,1
101784,0,0.106986806,0
101785,0,0.47040948,1
101786,0,0.3516672,1
101787,1,0.046925865,0
101788,0,0.09963752,0
101789,0,0.1283855,0
101790,0,0.06392439,0
101791,0,0.36861348,1
101792,0,0.043805778,0
101793,0,0.18206665,0
101794,0,0.502526,1
101795,1,0.5324718,1
101796,0,0.16924047,0
101797,1,0.23836942,1
101798,0,0.25296742,1
101799,1,0.24010989,1
101800,0,0.3111835,1
101801,0,0.4175794,1
101802,0,0.19118565,0
101803,1,0.5362557,1
101804,1,0.7132783,1
101805,0,0.18985364,0
101806,0,0.10605042,0
101807,0,0.6961242,1
101808,0,0.3990544,1
101809,0,0.13739994,0
101810,0,0.43212765,1
101811,0,0.19722578,0
101812,0,0.095950566,0
101813,0,0.28556818,1
101814,0,0.29535437,1
101815,1,0.060525317,0
101816,0,0.18643154,0
101817,0,0.32703233,1
101818,1,0.56641835,1
101819,0,0.09910506,0
101820,0,0.68942726,1
101821,0,0.3432134,1
101822,0,0.047457963,0
101823,0,0.34458494,1
101824,0,0.40816575,1
101825,0,0.39101726,1
101826,0,0.37561318,1
101827,0,0.55988145,1
101828,0,0.3151543,1
101829,1,0.31900615,1
101830,0,0.24584994,1
101831,0,0.2380546,1
101832,1,0.5642532,1
101833,1,0.6024788,1
101834,0,0.054798927,0
101835,1,0.54045725,1
101836,0,0.4254748,1
101837,0,0.428025,1
101838,1,0.62939656,1
101839,0,0.078351565,0
101840,0,0.3291678,1
101841,1,0.55128574,1
101842,1,0.41199425,1
101843,0,0.47862044,1
101844,0,0.4611314,1
101845,0,0.7095958,1
101846,1,0.7361786,1
101847,0,0.1271828,0
101848,1,0.40154108,1
101849,0,0.35895497,1
101850,0,0.43989894,1
101851,0,0.06657283,0
101852,0,0.4619791,1
101853,0,0.06676674,0
101854,1,0.47683617,1
101855,0,0.08219935,0
101856,0,0.36111653,1
101857,0,0.48913538,1
101858,0,0.2747063,1
101859,0,0.31696305,1
101860,0,0.27894127,1
101861,1,0.5324984,1
101862,1,0.30362675,1
101863,0,0.21481398,0
101864,0,0.09713772,0
101865,0,0.494439,1
101866,1,0.15861985,0
101867,0,0.15635812,0
101868,1,0.43782645,1
101869,1,0.24801621,1
101870,1,0.45752645,1
101871,0,0.13730174,0
101872,0,0.13785347,0
101873,0,0.5985108,1
101874,1,0.6209858,1
101875,0,0.27563053,1
101876,0,0.05012311,0
101877,0,0.0331339,0
101878,0,0.37363663,1
101879,0,0.06482659,0
101880,0,0.19320244,0
101881,0,0.10252118,0
101882,1,0.190914,0
101883,0,0.08813608,0
101884,1,0.5613389,1
101885,1,0.53900665,1
101886,1,0.12760113,0
101887,0,0.07812211,0
101888,1,0.5206996,1
101889,1,0.48093924,1
101890,0,0.40268922,1
101891,1,0.5158999,1
101892,0,0.035991408,0
101893,0,0.10877861,0
101894,1,0.08323412,0
101895,0,0.21999875,0
101896,0,0.56803644,1
101897,1,0.18288618,0
101898,1,0.22022004,1
101899,1,0.28028697,1
101900,1,0.066014804,0
101901,1,0.50508136,1
101902,0,0.12345962,0
101903,0,0.072522536,0
101904,0,0.12081083,0
101905,0,0.3406437,1
101906,0,0.3642606,1
101907,0,0.115702465,0
101908,0,0.54003334,1
101909,1,0.6028324,1
101910,0,0.29550895,1
101911,0,0.5020864,1
101912,0,0.121429265,0
101913,1,0.024600377,0
101914,1,0.66896397,1
101915,0,0.09176782,0
101916,1,0.37228498,1
101917,0,0.040802635,0
101918,0,0.029375875,0
101919,0,0.55572885,1
101920,0,0.30691674,1
101921,0,0.4890989,1
101922,0,0.54021657,1
101923,1,0.18009125,0
101924,0,0.57773966,1
101925,1,0.50934505,1
101926,1,0.23455688,1
101927,1,0.52528775,1
101928,0,0.087710105,0
101929,0,0.5036641,1
101930,0,0.1222848,0
101931,1,0.46158633,1
101932,0,0.039305206,0
101933,0,0.078564435,0
101934,0,0.48212147,1
101935,0,0.54239905,1
101936,1,0.4920015,1
101937,1,0.4597826,1
101938,0,0.02693512,0
101939,0,0.44673187,1
101940,0,0.23258266,1
101941,0,0.34058148,1
101942,1,0.09187019,0
101943,0,0.06881608,0
101944,0,0.23137039,1
101945,0,0.09144732,0
101946,0,0.0881692,0
101947,0,0.19895542,0
101948,0,0.06545651,0
101949,1,0.10177487,0
101950,1,0.49552009,1
101951,1,0.3510352,1
101952,0,0.07145426,0
101953,1,0.07892755,0
101954,0,0.31980178,1
101955,0,0.11178803,0
101956,1,0.17375034,0
101957,0,0.046964183,0
101958,0,0.20092927,0
101959,1,0.60963744,1
101960,1,0.56921417,1
101961,1,0.21891378,0
101962,0,0.08414161,0
101963,0,0.45709944,1
101964,1,0.5678689,1
101965,1,0.55693096,1
101966,0,0.44523185,1
101967,0,0.15661794,0
101968,0,0.5261973,1
101969,1,0.43846825,1
101970,1,0.5598583,1
101971,0,0.112353265,0
101972,0,0.3037356,1
101973,0,0.24994132,1
101974,1,0.23402157,1
101975,1,0.5185025,1
101976,0,0.096736915,0
101977,0,0.13244873,0
101978,0,0.090427086,0
101979,0,0.27647606,1
101980,0,0.35895357,1
101981,0,0.063193746,0
101982,1,0.70951277,1
101983,0,0.42682743,1
101984,0,0.3733496,1
101985,0,0.44547772,1
101986,0,0.11220309,0
101987,0,0.21379352,0
101988,0,0.49440607,1
101989,0,0.06185396,0
101990,0,0.07140026,0
101991,1,0.13704652,0
101992,0,0.19959179,0
101993,0,0.048345797,0
101994,0,0.03260473,0
101995,0,0.3586631,1
101996,0,0.34715626,1
101997,0,0.034108754,0
101998,0,0.047370587,0
101999,0,0.32886866,1
102000,1,0.30804294,1
102001,0,0.12811151,0
102002,0,0.47282287,1
102003,1,0.5054609,1
102004,0,0.37593132,1
102005,0,0.07777697,0
102006,0,0.4218919,1
102007,1,0.5096525,1
102008,0,0.08246522,0
102009,0,0.45809218,1
102010,0,0.34864736,1
102011,0,0.25893527,1
102012,1,0.5302767,1
102013,1,0.44351625,1
102014,0,0.42130387,1
102015,0,0.17978546,0
102016,1,0.611776,1
102017,0,0.29066646,1
102018,0,0.059695106,0
102019,0,0.41018054,1
102020,0,0.3709712,1
102021,0,0.59909356,1
102022,0,0.25765836,1
102023,1,0.5285634,1
102024,0,0.58282334,1
102025,1,0.46868452,1
102026,1,0.4000115,1
102027,0,0.34603974,1
102028,0,0.49026087,1
102029,0,0.21995604,0
102030,1,0.44321945,1
102031,1,0.37677655,1
102032,0,0.24772957,1
102033,1,0.42654318,1
102034,1,0.29326823,1
102035,1,0.44170773,1
102036,1,0.110477075,0
102037,0,0.19460104,0
102038,0,0.16284032,0
102039,0,0.39713675,1
102040,0,0.04051795,0
102041,1,0.712288,1
102042,0,0.29778847,1
102043,0,0.16220883,0
102044,0,0.02946514,0
102045,0,0.20271963,0
102046,0,0.4345015,1
102047,0,0.36069548,1
102048,0,0.07492404,0
102049,0,0.3794495,1
102050,0,0.46792632,1
102051,0,0.02905935,0
102052,0,0.30128896,1
102053,0,0.48161128,1
102054,0,0.5292602,1
102055,1,0.14618427,0
102056,0,0.5291841,1
102057,0,0.27849573,1
102058,0,0.1713977,0
102059,0,0.22450224,1
102060,1,0.16526112,0
102061,0,0.24488652,1
102062,0,0.18366274,0
102063,0,0.13746455,0
102064,1,0.59338367,1
102065,0,0.25200483,1
102066,0,0.085456476,0
102067,0,0.045187917,0
102068,0,0.5933835,1
102069,0,0.5450073,1
102070,0,0.60405606,1
102071,1,0.08081694,0
102072,0,0.6685834,1
102073,0,0.0783478,0
102074,0,0.17499468,0
102075,0,0.26162112,1
102076,0,0.14900793,0
102077,0,0.30969954,1
102078,1,0.31318647,1
102079,0,0.5120885,1
102080,0,0.17758963,0
102081,0,0.3734229,1
102082,0,0.092321634,0
102083,0,0.07557306,0
102084,0,0.06710276,0
102085,0,0.40767047,1
102086,1,0.40845606,1
102087,0,0.046089005,0
102088,0,0.14844984,0
102089,1,0.52528316,1
102090,0,0.047718585,0
102091,1,0.49319926,1
102092,1,0.46744674,1
102093,1,0.60302305,1
102094,0,0.077501565,0
102095,1,0.4826072,1
102096,0,0.14547908,0
102097,0,0.2585884,1
102098,0,0.029923672,0
102099,0,0.18241557,0
102100,0,0.33244634,1
102101,1,0.25673708,1
102102,0,0.20113125,0
102103,1,0.44437635,1
102104,1,0.44405887,1
102105,0,0.18261492,0
102106,1,0.6009773,1
102107,0,0.12067046,0
102108,1,0.43607125,1
102109,1,0.5940834,1
102110,0,0.25403398,1
102111,0,0.3492659,1
102112,0,0.12937339,0
102113,0,0.38835347,1
102114,0,0.6361097,1
102115,0,0.06185262,0
102116,0,0.4642669,1
102117,0,0.027155153,0
102118,1,0.21231325,0
102119,0,0.11267869,0
102120,1,0.4426004,1
102121,0,0.3669258,1
102122,0,0.2568889,1
102123,0,0.1920267,0
102124,1,0.089612216,0
102125,0,0.6276063,1
102126,1,0.6211321,1
102127,0,0.095024504,0
102128,0,0.23115641,1
102129,0,0.1300755,0
102130,0,0.030891813,0
102131,0,0.49901032,1
102132,0,0.15982404,0
102133,0,0.27561107,1
102134,0,0.2935703,1
102135,1,0.2474854,1
102136,0,0.39953446,1
102137,1,0.41091987,1
102138,1,0.051635385,0
102139,1,0.4309373,1
102140,0,0.21804684,0
102141,1,0.28415912,1
102142,0,0.040847406,0
102143,1,0.42546937,1
102144,0,0.17285565,0
102145,0,0.04662843,0
102146,1,0.3983862,1
102147,0,0.14995858,0
102148,0,0.58997226,1
102149,1,0.48171467,1
102150,0,0.37025797,1
102151,0,0.043525632,0
102152,0,0.18817416,0
102153,0,0.12241523,0
102154,0,0.041620307,0
102155,1,0.23472303,1
102156,0,0.53530985,1
102157,0,0.5359081,1
102158,0,0.31928343,1
102159,0,0.07733492,0
102160,0,0.021057967,0
102161,0,0.24234846,1
102162,1,0.50941557,1
102163,0,0.4975576,1
102164,0,0.060487952,0
102165,0,0.50264,1
102166,0,0.41870326,1
102167,1,0.40070692,1
102168,1,0.32356077,1
102169,0,0.049063414,0
102170,0,0.043725412,0
102171,1,0.34031337,1
102172,0,0.4765769,1
102173,0,0.5512386,1
102174,0,0.108923376,0
102175,0,0.09290859,0
102176,0,0.37270284,1
102177,0,0.30979064,1
102178,0,0.36517966,1
102179,0,0.29654604,1
102180,0,0.59463876,1
102181,0,0.056527454,0
102182,1,0.5187876,1
102183,0,0.3859595,1
102184,1,0.57284355,1
102185,0,0.18684725,0
102186,0,0.17608683,0
102187,1,0.48941395,1
102188,1,0.41512978,1
102189,0,0.29461402,1
102190,0,0.25214374,1
102191,0,0.15650538,0
102192,0,0.5603308,1
102193,1,0.36787635,1
102194,1,0.48873842,1
102195,0,0.34167987,1
102196,1,0.14347053,0
102197,0,0.06909925,0
102198,0,0.15437044,0
102199,0,0.43727887,1
102200,0,0.2816444,1
102201,0,0.33627653,1
102202,1,0.42040908,1
102203,0,0.1344839,0
102204,0,0.09656611,0
102205,0,0.38113308,1
102206,0,0.39097986,1
102207,0,0.43452927,1
102208,0,0.6440454,1
102209,0,0.53344375,1
102210,0,0.046642747,0
102211,0,0.045977518,0
102212,0,0.39797562,1
102213,0,0.06334199,0
102214,1,0.20892681,0
102215,1,0.4318977,1
102216,0,0.025304815,0
102217,0,0.34494615,1
102218,0,0.093097836,0
102219,0,0.115497336,0
102220,1,0.40595007,1
102221,0,0.6567613,1
102222,1,0.46608984,1
102223,0,0.12813832,0
102224,0,0.19109493,0
102225,0,0.25387746,1
102226,1,0.4321701,1
102227,0,0.23704979,1
102228,0,0.05454121,0
102229,0,0.35461414,1
102230,1,0.56196964,1
102231,0,0.31440386,1
102232,0,0.0667896,0
102233,1,0.5376912,1
102234,0,0.19719893,0
102235,0,0.33725446,1
102236,0,0.062382072,0
102237,1,0.32387432,1
102238,0,0.062057804,0
102239,0,0.036807943,0
102240,1,0.22510535,1
102241,1,0.6236308,1
102242,0,0.16507809,0
102243,0,0.4028899,1
102244,0,0.20828144,0
102245,0,0.4709109,1
102246,1,0.49202093,1
102247,0,0.51123047,1
102248,0,0.088196635,0
102249,0,0.35987407,1
102250,0,0.644225,1
102251,0,0.33343488,1
102252,0,0.4110283,1
102253,0,0.033255268,0
102254,0,0.1353822,0
102255,0,0.14316723,0
102256,0,0.10487622,0
102257,1,0.55622995,1
102258,0,0.32771033,1
102259,1,0.43071952,1
102260,0,0.094863206,0
102261,0,0.07525687,0
102262,0,0.039768152,0
102263,1,0.530837,1
102264,0,0.3273617,1
102265,0,0.45801044,1
102266,0,0.041315947,0
102267,0,0.30985612,1
102268,0,0.2040932,0
102269,1,0.46156248,1
102270,1,0.4876382,1
102271,0,0.30847543,1
102272,0,0.29820874,1
102273,0,0.039802883,0
102274,0,0.02820044,0
102275,0,0.045691393,0
102276,0,0.58100927,1
102277,0,0.19825907,0
102278,0,0.42401388,1
102279,1,0.44568488,1
102280,0,0.27995503,1
102281,0,0.05839199,0
102282,0,0.053586923,0
102283,0,0.08132188,0
102284,0,0.6283882,1
102285,0,0.16229987,0
102286,0,0.41783723,1
102287,1,0.47297686,1
102288,1,0.6123174,1
102289,0,0.3024153,1
102290,1,0.25259516,1
102291,1,0.2856447,1
102292,0,0.43575308,1
102293,0,0.2613973,1
102294,0,0.4735188,1
102295,0,0.07319673,0
102296,0,0.6471589,1
102297,0,0.5408293,1
102298,1,0.31039792,1
102299,0,0.09454703,0
102300,0,0.53401566,1
102301,0,0.46691322,1
102302,0,0.087653965,0
102303,0,0.25584108,1
102304,0,0.14326651,0
102305,1,0.58315766,1
102306,1,0.2185099,0
102307,1,0.46025568,1
102308,0,0.06494981,0
102309,0,0.17577134,0
102310,1,0.595809,1
102311,1,0.42103076,1
102312,0,0.31983244,1
102313,0,0.43899432,1
102314,0,0.53776515,1
102315,1,0.28496397,1
102316,0,0.071282685,0
102317,0,0.031988174,0
102318,0,0.44732618,1
102319,1,0.65736073,1
102320,0,0.35684127,1
102321,0,0.059191745,0
102322,0,0.102341756,0
102323,0,0.06657647,0
102324,0,0.29138,1
102325,0,0.02878684,0
102326,0,0.1463953,0
102327,0,0.13625866,0
102328,0,0.37261945,1
102329,0,0.3584258,1
102330,0,0.4093344,1
102331,1,0.229887,1
102332,1,0.43129733,1
102333,0,0.13208047,0
102334,0,0.45114696,1
102335,0,0.293047,1
102336,0,0.08609858,0
102337,1,0.08291474,0
102338,0,0.32645142,1
102339,0,0.044726934,0
102340,0,0.20788369,0
102341,0,0.3581915,1
102342,0,0.20347342,0
102343,0,0.04655742,0
102344,1,0.18260412,0
102345,0,0.21407938,0
102346,1,0.44658262,1
102347,0,0.034796327,0
102348,0,0.056456357,0
102349,0,0.20261526,0
102350,1,0.49889162,1
102351,0,0.0748668,0
102352,1,0.48254687,1
102353,0,0.02661763,0
102354,1,0.4692067,1
102355,0,0.38360286,1
102356,0,0.06593503,0
102357,1,0.61800975,1
102358,1,0.47909972,1
102359,0,0.046090484,0
102360,1,0.6723902,1
102361,1,0.43964058,1
102362,0,0.40209132,1
102363,0,0.050680045,0
102364,0,0.17108175,0
102365,1,0.5172496,1
102366,1,0.47103375,1
102367,1,0.6451076,1
102368,0,0.46324512,1
102369,1,0.6465155,1
102370,0,0.40735853,1
102371,0,0.2976036,1
102372,0,0.52643794,1
102373,1,0.29057366,1
102374,0,0.29116878,1
102375,1,0.24293846,1
102376,1,0.5527204,1
102377,0,0.47941223,1
102378,1,0.31500646,1
102379,1,0.3305871,1
102380,0,0.14706539,0
102381,0,0.19159603,0
102382,0,0.0626829,0
102383,0,0.043845154,0
102384,0,0.23266329,1
102385,1,0.50481236,1
102386,0,0.0369393,0
102387,1,0.45889235,1
102388,1,0.60277224,1
102389,0,0.3652529,1
102390,1,0.3064657,1
102391,0,0.38163692,1
102392,1,0.42041376,1
102393,0,0.25281307,1
102394,0,0.08564758,0
102395,0,0.09086628,0
102396,1,0.43904233,1
102397,0,0.38034165,1
102398,1,0.3726114,1
102399,1,0.2735396,1
102400,1,0.10324737,0
102401,1,0.681237,1
102402,1,0.37181866,1
102403,0,0.051358156,0
102404,0,0.034906257,0
102405,0,0.14395088,0
102406,0,0.17220561,0
102407,1,0.14719678,0
102408,0,0.11701984,0
102409,1,0.23833098,1
102410,0,0.16403675,0
102411,1,0.33986443,1
102412,1,0.27399087,1
102413,0,0.40461072,1
102414,0,0.5054946,1
102415,0,0.57331645,1
102416,0,0.042537536,0
102417,0,0.030205384,0
102418,0,0.102205075,0
102419,1,0.5161102,1
102420,0,0.63392866,1
102421,0,0.45055985,1
102422,0,0.18633485,0
102423,0,0.27126524,1
102424,0,0.36725178,1
102425,1,0.21393146,0
102426,0,0.23171714,1
102427,0,0.34334418,1
102428,1,0.4935891,1
102429,1,0.5308375,1
102430,0,0.09429525,0
102431,0,0.11621192,0
102432,0,0.45557153,1
102433,1,0.47560307,1
102434,0,0.123183295,0
102435,0,0.57884485,1
102436,0,0.46392715,1
102437,0,0.3770224,1
102438,0,0.032070063,0
102439,1,0.20835786,0
102440,0,0.19634251,0
102441,0,0.40393955,1
102442,0,0.1447866,0
102443,1,0.6326635,1
102444,0,0.5606416,1
102445,1,0.112962425,0
102446,1,0.6530175,1
102447,0,0.019503348,0
102448,0,0.5996117,1
102449,0,0.301984,1
102450,0,0.41686773,1
102451,0,0.51889515,1
102452,0,0.12488182,0
102453,1,0.54729843,1
102454,0,0.059365507,0
102455,0,0.27311835,1
102456,0,0.09577459,0
102457,1,0.49289468,1
102458,1,0.51551473,1
102459,1,0.11998536,0
102460,1,0.46580845,1
102461,0,0.22319622,1
102462,1,0.487264,1
102463,1,0.40101063,1
102464,0,0.27720973,1
102465,0,0.7391235,1
102466,1,0.33100247,1
102467,1,0.091838,0
102468,1,0.4020656,1
102469,0,0.35950297,1
102470,1,0.40674865,1
102471,0,0.30686823,1
102472,0,0.40292406,1
102473,0,0.3525859,1
102474,1,0.51122046,1
102475,0,0.61592525,1
102476,0,0.66765493,1
102477,1,0.34370035,1
102478,0,0.42838478,1
102479,0,0.17175323,0
102480,1,0.6745782,1
102481,0,0.3231977,1
102482,1,0.22600988,1
102483,0,0.25397018,1
102484,0,0.5711593,1
102485,1,0.29349247,1
102486,0,0.09535857,0
102487,1,0.15232767,0
102488,0,0.07610515,0
102489,0,0.27069485,1
102490,1,0.54723173,1
102491,0,0.030288178,0
102492,0,0.036395285,0
102493,0,0.11566186,0
102494,0,0.34356612,1
102495,1,0.5546406,1
102496,0,0.4916065,1
102497,0,0.055046275,0
102498,1,0.35317016,1
102499,0,0.39122996,1
102500,1,0.26926568,1
102501,1,0.32223827,1
102502,1,0.07515322,0
102503,0,0.43507525,1
102504,0,0.35138494,1
102505,0,0.3481946,1
102506,0,0.24352612,1
102507,0,0.28949887,1
102508,0,0.40972483,1
102509,0,0.3484494,1
102510,0,0.20858479,0
102511,0,0.046607323,0
102512,1,0.04394919,0
102513,0,0.5700426,1
102514,1,0.4787919,1
102515,0,0.049911227,0
102516,0,0.3104643,1
102517,0,0.062086634,0
102518,1,0.48894358,1
102519,0,0.40274924,1
102520,1,0.59547365,1
102521,0,0.025784932,0
102522,0,0.1535874,0
102523,0,0.5710368,1
102524,1,0.18678907,0
102525,0,0.030468889,0
102526,0,0.72876257,1
102527,0,0.028924083,0
102528,0,0.6676883,1
102529,0,0.1761286,0
102530,1,0.2851824,1
102531,0,0.054566383,0
102532,0,0.076718144,0
102533,0,0.45993385,1
102534,0,0.3247804,1
102535,0,0.4706679,1
102536,1,0.16199848,0
102537,0,0.12257013,0
102538,1,0.3226576,1
102539,0,0.38440228,1
102540,0,0.46162194,1
102541,1,0.055270292,0
102542,1,0.49851558,1
102543,0,0.6029462,1
102544,0,0.40853307,1
102545,1,0.2406857,1
102546,0,0.09799598,0
102547,0,0.12774456,0
102548,0,0.06891804,0
102549,0,0.5484272,1
102550,0,0.08589883,0
102551,0,0.06746358,0
102552,0,0.16279736,0
102553,0,0.26135945,1
102554,0,0.20763648,0
102555,0,0.45015466,1
102556,1,0.33180964,1
102557,1,0.36775434,1
102558,0,0.09858458,0
102559,1,0.42187896,1
102560,0,0.13822666,0
102561,0,0.15155181,0
102562,0,0.11166483,0
102563,0,0.47734562,1
102564,1,0.6719893,1
102565,1,0.40251637,1
102566,0,0.19205579,0
102567,0,0.061953947,0
102568,0,0.42615402,1
102569,0,0.4461988,1
102570,0,0.45898855,1
102571,0,0.6048794,1
102572,0,0.21086419,0
102573,1,0.5033424,1
102574,1,0.22436376,1
102575,0,0.03976307,0
102576,1,0.2578276,1
102577,0,0.03375908,0
102578,0,0.07740751,0
102579,0,0.19298819,0
102580,0,0.24618053,1
102581,0,0.52637625,1
102582,0,0.24776773,1
102583,0,0.43844914,1
102584,1,0.5983741,1
102585,1,0.27180824,1
102586,1,0.3804422,1
102587,0,0.3686074,1
102588,1,0.5245619,1
102589,0,0.056776144,0
102590,0,0.60085547,1
102591,0,0.32856834,1
102592,1,0.52458006,1
102593,0,0.06396499,0
102594,0,0.07707839,0
102595,0,0.064570874,0
102596,0,0.45587623,1
102597,0,0.073893934,0
102598,0,0.5935377,1
102599,0,0.34063503,1
102600,0,0.1278191,0
102601,0,0.3384645,1
102602,0,0.41949475,1
102603,0,0.18006012,0
102604,1,0.6989958,1
102605,1,0.46794367,1
102606,0,0.4974058,1
102607,0,0.031060457,0
102608,0,0.16386235,0
102609,0,0.5693799,1
102610,1,0.5682923,1
102611,0,0.36507416,1
102612,0,0.13519749,0
102613,0,0.07949528,0
102614,0,0.112305865,0
102615,0,0.047365095,0
102616,0,0.13692734,0
102617,0,0.46528825,1
102618,1,0.67025197,1
102619,0,0.050778784,0
102620,1,0.08115789,0
102621,0,0.3383914,1
102622,1,0.3483299,1
102623,0,0.03287489,0
102624,0,0.54006064,1
102625,1,0.36875334,1
102626,0,0.2528132,1
102627,0,0.07617208,0
102628,0,0.1982274,0
102629,0,0.12316939,0
102630,1,0.25404838,1
102631,0,0.063285716,0
102632,0,0.30116913,1
102633,0,0.0762543,0
102634,1,0.59582543,1
102635,0,0.30866355,1
102636,0,0.6301044,1
102637,1,0.37514877,1
102638,0,0.360784,1
102639,0,0.31442508,1
102640,0,0.47120997,1
102641,1,0.21396649,0
102642,0,0.025613945,0
102643,0,0.48557943,1
102644,0,0.14751686,0
102645,0,0.47528023,1
102646,1,0.051226377,0
102647,0,0.03594572,0
102648,1,0.2533545,1
102649,0,0.090717934,0
102650,0,0.44037172,1
102651,1,0.072659045,0
102652,0,0.08976206,0
102653,1,0.65553033,1
102654,0,0.25615123,1
102655,1,0.52775156,1
102656,0,0.07144953,0
102657,0,0.09668785,0
102658,0,0.06825517,0
102659,1,0.66934085,1
102660,0,0.20905292,0
102661,0,0.14059532,0
102662,1,0.20401637,0
102663,0,0.5352725,1
102664,1,0.34815863,1
102665,1,0.6658087,1
102666,0,0.36650366,1
102667,0,0.04225552,0
102668,1,0.32757023,1
102669,0,0.4334436,1
102670,1,0.21948978,0
102671,0,0.1194981,0
102672,1,0.48274618,1
102673,0,0.26642913,1
102674,0,0.24257696,1
102675,0,0.10394263,0
102676,0,0.05905383,0
102677,0,0.028662875,0
102678,0,0.10839656,0
102679,0,0.4871236,1
102680,0,0.2407341,1
102681,0,0.22073632,1
102682,0,0.033664316,0
102683,0,0.10035596,0
102684,0,0.12755314,0
102685,0,0.10423224,0
102686,1,0.2604843,1
102687,0,0.25022414,1
102688,0,0.07891847,0
102689,1,0.39728922,1
102690,1,0.73053086,1
102691,0,0.41435093,1
102692,0,0.54643625,1
102693,1,0.473786,1
102694,0,0.20511207,0
102695,1,0.3813938,1
102696,0,0.2332058,1
102697,0,0.33836353,1
102698,0,0.43243572,1
102699,0,0.44970128,1
102700,0,0.39325842,1
102701,1,0.30334437,1
102702,0,0.17957903,0
102703,1,0.126609,0
102704,0,0.28272772,1
102705,1,0.26227948,1
102706,0,0.10649967,0
102707,1,0.0920107,0
102708,1,0.46041444,1
102709,0,0.090787135,0
102710,0,0.513186,1
102711,0,0.50877035,1
102712,0,0.052502424,0
102713,1,0.49667668,1
102714,0,0.0757169,0
102715,0,0.31811917,1
102716,0,0.26152885,1
102717,0,0.25267607,1
102718,0,0.35494685,1
102719,0,0.31987476,1
102720,0,0.26568776,1
102721,0,0.050418176,0
102722,0,0.53455055,1
102723,0,0.25378272,1
102724,0,0.30844787,1
102725,1,0.46053734,1
102726,1,0.4052792,1
102727,0,0.03831415,0
102728,0,0.06800368,0
102729,0,0.41000983,1
102730,1,0.7067404,1
102731,0,0.10661357,0
102732,0,0.25391823,1
102733,0,0.062028244,0
102734,0,0.0369475,0
102735,1,0.06661618,0
102736,0,0.18801484,0
102737,1,0.5924854,1
102738,0,0.5574634,1
102739,0,0.10933675,0
102740,1,0.2497406,1
102741,0,0.051707696,0
102742,0,0.4007587,1
102743,0,0.15319207,0
102744,0,0.27222973,1
102745,1,0.5322828,1
102746,0,0.43427074,1
102747,0,0.14785242,0
102748,1,0.7003509,1
102749,1,0.5179486,1
102750,1,0.36763644,1
102751,0,0.060926955,0
102752,1,0.44120556,1
102753,0,0.33180243,1
102754,1,0.59435326,1
102755,0,0.4511264,1
102756,0,0.19382274,0
102757,0,0.41492653,1
102758,0,0.08877164,0
102759,0,0.033640496,0
102760,1,0.10895032,0
102761,0,0.11513877,0
102762,0,0.041485265,0
102763,0,0.3335853,1
102764,1,0.45661187,1
102765,0,0.21048483,0
102766,0,0.48000732,1
102767,0,0.056886844,0
102768,0,0.4057281,1
102769,0,0.1774086,0
102770,0,0.22736456,1
102771,1,0.5358778,1
102772,0,0.36757073,1
102773,1,0.1321236,0
102774,0,0.54208094,1
102775,1,0.09271578,0
102776,0,0.50244695,1
102777,0,0.12829792,0
102778,1,0.59710616,1
102779,0,0.48856476,1
102780,0,0.3370159,1
102781,0,0.45322478,1
102782,1,0.05640657,0
102783,0,0.20099065,0
102784,1,0.4244065,1
102785,0,0.21312681,0
102786,1,0.46619633,1
102787,0,0.04804261,0
102788,1,0.33153528,1
102789,0,0.4763865,1
102790,0,0.31857473,1
102791,0,0.04031498,0
102792,1,0.34438357,1
102793,1,0.50759757,1
102794,0,0.33487493,1
102795,0,0.56300235,1
102796,1,0.55391,1
102797,1,0.38620564,1
102798,0,0.04937463,0
102799,1,0.25207743,1
102800,0,0.12174047,0
102801,0,0.49068362,1
102802,1,0.46932286,1
102803,1,0.61652386,1
102804,0,0.3954029,1
102805,0,0.057492215,0
102806,0,0.40545675,1
102807,0,0.18122199,0
102808,1,0.636663,1
102809,0,0.3487583,1
102810,0,0.46456534,1
102811,1,0.47215414,1
102812,0,0.20924802,0
102813,0,0.04623208,0
102814,0,0.041843146,0
102815,0,0.22135925,1
102816,0,0.2209036,1
102817,0,0.32824025,1
102818,1,0.4943922,1
102819,0,0.51616126,1
102820,0,0.46296227,1
102821,0,0.45850298,1
102822,0,0.18298188,0
102823,0,0.38320395,1
102824,0,0.15831341,0
102825,0,0.45914787,1
102826,0,0.07513136,0
102827,0,0.6414474,1
102828,0,0.37091294,1
102829,0,0.03622148,0
102830,0,0.59820116,1
102831,0,0.058876015,0
102832,0,0.06592469,0
102833,0,0.4842823,1
102834,0,0.06914966,0
102835,0,0.49673387,1
102836,0,0.10342425,0
102837,0,0.3416382,1
102838,0,0.358324,1
102839,0,0.50947404,1
102840,0,0.060670592,0
102841,0,0.1480594,0
102842,0,0.052495524,0
102843,1,0.07716138,0
102844,1,0.24665557,1
102845,0,0.04959517,0
102846,1,0.52010655,1
102847,0,0.5670165,1
102848,0,0.31347334,1
102849,0,0.13681635,0
102850,0,0.2859608,1
102851,0,0.3348137,1
102852,1,0.6590332,1
102853,0,0.32605594,1
102854,0,0.040748816,0
102855,0,0.26704392,1
102856,0,0.48761517,1
102857,0,0.15011197,0
102858,1,0.5453799,1
102859,0,0.3154919,1
102860,0,0.047773115,0
102861,0,0.027977487,0
102862,0,0.4206178,1
102863,0,0.51866424,1
102864,0,0.080277085,0
102865,0,0.5219731,1
102866,1,0.33318293,1
102867,0,0.4595818,1
102868,0,0.03820732,0
102869,0,0.07195616,0
102870,0,0.18166411,0
102871,0,0.43129134,1
102872,1,0.37593997,1
102873,1,0.51570797,1
102874,0,0.3296919,1
102875,0,0.07699409,0
102876,1,0.47124958,1
102877,1,0.5781928,1
102878,0,0.3805524,1
102879,1,0.46804973,1
102880,0,0.116887264,0
102881,1,0.41563225,1
102882,0,0.6456971,1
102883,0,0.21569335,0
102884,0,0.49728453,1
102885,1,0.2983389,1
102886,0,0.13790943,0
102887,0,0.19223598,0
102888,1,0.36396083,1
102889,0,0.05861967,0
102890,1,0.5051993,1
102891,1,0.6809541,1
102892,0,0.5482272,1
102893,0,0.18462348,0
102894,0,0.021010322,0
102895,0,0.68379897,1
102896,0,0.056223072,0
102897,0,0.4601409,1
102898,0,0.06628653,0
102899,0,0.13224275,0
102900,1,0.25382146,1
102901,0,0.15606037,0
102902,0,0.030175954,0
102903,1,0.47223258,1
102904,0,0.0684437,0
102905,0,0.10594933,0
102906,0,0.32194215,1
102907,0,0.06079243,0
102908,1,0.27635217,1
102909,0,0.25015932,1
102910,0,0.2505982,1
102911,1,0.5454097,1
102912,0,0.3154923,1
102913,0,0.10134857,0
102914,0,0.36296707,1
102915,0,0.20069629,0
102916,0,0.04107099,0
102917,0,0.37426165,1
102918,0,0.5263283,1
102919,0,0.26654243,1
102920,0,0.5890644,1
102921,0,0.095213935,0
102922,0,0.29494035,1
102923,0,0.2612892,1
102924,0,0.3225385,1
102925,1,0.6051967,1
102926,0,0.17699587,0
102927,0,0.031974927,0
102928,0,0.22096166,1
102929,0,0.3796219,1
102930,1,0.38849175,1
102931,0,0.13433322,0
102932,1,0.57041526,1
102933,1,0.23978785,1
102934,0,0.44035244,1
102935,0,0.21663316,0
102936,0,0.019061845,0
102937,1,0.19140005,0
102938,0,0.3664236,1
102939,0,0.19385426,0
102940,1,0.5810963,1
102941,0,0.23631334,1
102942,0,0.04924097,0
102943,0,0.6317953,1
102944,1,0.266266,1
102945,1,0.32407835,1
102946,1,0.58953124,1
102947,1,0.32835305,1
102948,0,0.41896927,1
102949,1,0.29695815,1
102950,1,0.3047297,1
102951,0,0.13246277,0
102952,0,0.04975969,0
102953,1,0.71677226,1
102954,0,0.39366734,1
102955,0,0.59409887,1
102956,1,0.44358477,1
102957,0,0.16154802,0
102958,1,0.6835578,1
102959,0,0.36155418,1
102960,0,0.028642531,0
102961,0,0.12110338,0
102962,0,0.5775816,1
102963,0,0.47370553,1
102964,0,0.13555908,0
102965,0,0.22600445,1
102966,0,0.27666602,1
102967,0,0.5197978,1
102968,1,0.6314938,1
102969,1,0.48854974,1
102970,1,0.5596038,1
102971,1,0.4420881,1
102972,0,0.33808684,1
102973,0,0.25810444,1
102974,0,0.32120556,1
102975,1,0.42977807,1
102976,1,0.48697266,1
102977,0,0.54251623,1
102978,0,0.48221385,1
102979,0,0.24826331,1
102980,0,0.49322897,1
102981,0,0.41759032,1
102982,0,0.06916097,0
102983,0,0.3430414,1
102984,0,0.03664812,0
102985,0,0.4448371,1
102986,0,0.090172626,0
102987,0,0.034041107,0
102988,0,0.23750535,1
102989,0,0.4954113,1
102990,1,0.06923045,0
102991,0,0.043496266,0
102992,0,0.04540533,0
102993,0,0.15830153,0
102994,1,0.3535305,1
102995,0,0.04607756,0
102996,1,0.28290015,1
102997,0,0.054538082,0
102998,0,0.18500462,0
102999,0,0.084557384,0
103000,1,0.37134847,1
